property_id,source,title,description_en,description_st,price,currency,district,location_text,property_type,bedrooms,bathrooms,image_paths,listing_url,condition,style,environment,amenities,listing_intent,image_count,country,district_canonical,district_resolution,locality,use_bucket,cnn_property_type,cnn_bedroom_class,split,cnn_exclusion_reasons,is_residential_curated,is_cnn_candidate
creative-stunning-new-units-to-let-for-office-or-residential,creativeproperties,Stunning New Units To Let for Office or Residential,4 Bedroom Units to Let,"Thepa ena ya mofuta wa commercial e fumaneha Maseru, Katlehong. E na le dikamore tse 4 le dibate tse 3 mme e fumaneha ka theko e sa hlaloswang. Tlotla ena e tshwanetse ho shejwa bakeng sa bareki ba batlang menyetla ya nnete Lesotho.",120000,LSL,Maseru,"Maseru, Katlehong",Commercial,4,3,"[""C:\\Users\\lepha\\Documents\\Codex\\Real Estate System\\generated\\images\\live\\creativeproperties\\creative-stunning-new-units-to-let-for-office-or-residential\\image_1.png"", ""C:\\Users\\lepha\\Documents\\Codex\\Real Estate System\\generated\\images\\live\\creativeproperties\\creative-stunning-new-units-to-let-for-office-or-residential\\image_2.jpeg"", ""C:\\Users\\lepha\\Documents\\Codex\\Real Estate System\\generated\\images\\live\\creativeproperties\\creative-stunning-new-units-to-let-for-office-or-residential\\image_3.jpeg"", ""C:\\Users\\lepha\\Documents\\Codex\\Real Estate System\\generated\\images\\live\\creativeproperties\\creative-stunning-new-units-to-let-for-office-or-residential\\image_4.jpeg"", ""C:\\Users\\lepha\\Documents\\Codex\\Real Estate System\\generated\\images\\live\\creativeproperties\\creative-stunning-new-units-to-let-for-office-or-residential\\image_5.jpeg""]",https://creativeproperties.co.ls/properties/stunning-new-units-to-let-for-office-or-residential/,New,Modern,Suburban,"[""yard"", ""furnished""]",rent,5,Lesotho,Maseru,text_match,Maseru,commercial,,4,test,not_residential:commercial,False,False
creative-available-for-office-or-residential,creativeproperties,Available for Office or Residential!,House to let for in the City!,"Thepa ena ya mofuta wa commercial e fumaneha Matsoatlareng, Maseru, Matsoatlareng. E na le dikamore tse 3 le dibate tse 2 mme e fumaneha ka theko ya M 10,000. Tlotla ena e tshwanetse ho shejwa bakeng sa bareki ba batlang menyetla ya nnete Lesotho.",10000,LSL,Maseru,"Matsoatlareng, Maseru, Matsoatlareng",Commercial,3,2,"[""C:\\Users\\lepha\\Documents\\Codex\\Real Estate System\\generated\\images\\live\\creativeproperties\\creative-available-for-office-or-residential\\image_1.png"", ""C:\\Users\\lepha\\Documents\\Codex\\Real Estate System\\generated\\images\\live\\creativeproperties\\creative-available-for-office-or-residential\\image_2.jpg"", ""C:\\Users\\lepha\\Documents\\Codex\\Real Estate System\\generated\\images\\live\\creativeproperties\\creative-available-for-office-or-residential\\image_3.jpg"", ""C:\\Users\\lepha\\Documents\\Codex\\Real Estate System\\generated\\images\\live\\creativeproperties\\creative-available-for-office-or-residential\\image_4.jpg"", ""C:\\Users\\lepha\\Documents\\Codex\\Real Estate System\\generated\\images\\live\\creativeproperties\\creative-available-for-office-or-residential\\image_5.jpg""]",https://creativeproperties.co.ls/properties/available-for-office-or-residential/,Good,Contemporary,Urban,"[""yard"", ""furnished""]",rent,5,Lesotho,Maseru,text_match,Matsoatlareng,commercial,,3,train,not_residential:commercial,False,False
creative-duplex-for-office-space-only,creativeproperties,Duplex for Office Space Only!,Duplex Office Space to Let,"Thepa ena ya mofuta wa townhouse e fumaneha Mpilo. E na le dikamore tse 2 le dibate tse 1 mme e fumaneha ka theko ya M 8,000. Tlotla ena e tshwanetse ho shejwa bakeng sa bareki ba batlang menyetla ya nnete Lesotho.",8000,LSL,Mpilo,Mpilo,Townhouse,2,1,"[""C:\\Users\\lepha\\Documents\\Codex\\Real Estate System\\generated\\images\\live\\creativeproperties\\creative-duplex-for-office-space-only\\image_1.png"", ""C:\\Users\\lepha\\Documents\\Codex\\Real Estate System\\generated\\images\\live\\creativeproperties\\creative-duplex-for-office-space-only\\image_2.jpeg"", ""C:\\Users\\lepha\\Documents\\Codex\\Real Estate System\\generated\\images\\live\\creativeproperties\\creative-duplex-for-office-space-only\\image_3.jpeg"", ""C:\\Users\\lepha\\Documents\\Codex\\Real Estate System\\generated\\images\\live\\creativeproperties\\creative-duplex-for-office-space-only\\image_4.jpeg"", ""C:\\Users\\lepha\\Documents\\Codex\\Real Estate System\\generated\\images\\live\\creativeproperties\\creative-duplex-for-office-space-only\\image_5.jpeg""]",https://creativeproperties.co.ls/properties/duplex-for-office-space-only/,Good,Contemporary,Suburban,"[""yard"", ""office-ready"", ""furnished""]",rent,5,Lesotho,Maseru,locality_match,Mpilo,commercial,,2,train,not_residential:commercial,False,False
propmarket-oj_xuOc0uxThqwcxAWGEU,propmarket,Shopping Centre,"The shopping centre is located at Maseru South, with 100% Occupancy Rate.. It can be used as \n.Grocery shop\n.Offsales\n.Butchery\n.Pharmacy\n.Telephone/Computer Repair Shop\n.Botique Outlet\n.Fast Food outlet\n.\n\n","Thepa ena ya mofuta wa commercial e fumaneha Maseru South Village, Maseru. E na le sebaka sena le dibate tse 1 mme e fumaneha ka theko ya M 4,500,000. Tlotla ena e tshwanetse ho shejwa bakeng sa bareki ba batlang menyetla ya nnete Lesotho.",4500000,LSL,Maseru,"Maseru South Village, Maseru",Commercial,0,1,"[""C:\\Users\\lepha\\Documents\\Codex\\Real Estate System\\generated\\images\\live\\propmarket\\propmarket-oj_xuOc0uxThqwcxAWGEU\\image_1.jpg"", ""C:\\Users\\lepha\\Documents\\Codex\\Real Estate System\\generated\\images\\live\\propmarket\\propmarket-oj_xuOc0uxThqwcxAWGEU\\image_2.jpg"", ""C:\\Users\\lepha\\Documents\\Codex\\Real Estate System\\generated\\images\\live\\propmarket\\propmarket-oj_xuOc0uxThqwcxAWGEU\\image_3.jpg"", ""C:\\Users\\lepha\\Documents\\Codex\\Real Estate System\\generated\\images\\live\\propmarket\\propmarket-oj_xuOc0uxThqwcxAWGEU\\image_4.jpg""]",https://www.propmarket.co.ls/properties/oj_xuOc0uxThqwcxAWGEU,Good,Contemporary,Urban,[],sale,4,Lesotho,Maseru,text_match,Maseru South Village,commercial,,,train,not_residential:commercial,False,False
propmarket-I49JRUkwwGMgsdO6f8JMf,propmarket,Village Shopping Complex,This vilage shopping complex is at Ha-Foso Lema with 4 units.,"Thepa ena ya mofuta wa commercial e fumaneha Ha Foso, Berea. E na le sebaka sena le dibate tse 1 mme e fumaneha ka theko ya M 1,500,000. Tlotla ena e tshwanetse ho shejwa bakeng sa bareki ba batlang menyetla ya nnete Lesotho.",1500000,LSL,Berea,"Ha Foso, Berea",Commercial,0,1,"[""C:\\Users\\lepha\\Documents\\Codex\\Real Estate System\\generated\\images\\live\\propmarket\\propmarket-I49JRUkwwGMgsdO6f8JMf\\image_1.jpg"", ""C:\\Users\\lepha\\Documents\\Codex\\Real Estate System\\generated\\images\\live\\propmarket\\propmarket-I49JRUkwwGMgsdO6f8JMf\\image_2.jpg"", ""C:\\Users\\lepha\\Documents\\Codex\\Real Estate System\\generated\\images\\live\\propmarket\\propmarket-I49JRUkwwGMgsdO6f8JMf\\image_3.jpg"", ""C:\\Users\\lepha\\Documents\\Codex\\Real Estate System\\generated\\images\\live\\propmarket\\propmarket-I49JRUkwwGMgsdO6f8JMf\\image_4.jpg""]",https://www.propmarket.co.ls/properties/I49JRUkwwGMgsdO6f8JMf,Good,Contemporary,Urban,[],sale,4,Lesotho,Berea,text_match,Ha Foso,commercial,,,train,not_residential:commercial,False,False
propmarket-Xm4gDdTjpEarJdVGwcklo,propmarket,Shopo,This is a very big site in Nazareth before you reach the garage.. there is a shop and a bar at 450k and the price is negotiable..,"Thepa ena ya mofuta wa site e fumaneha Nazareth, Maseru. E na le sebaka sena mme e fumaneha ka theko ya M 450,000. Tlotla ena e tshwanetse ho shejwa bakeng sa bareki ba batlang menyetla ya nnete Lesotho.",450000,LSL,Maseru,"Nazareth, Maseru",Site,0,0,"[""C:\\Users\\lepha\\Documents\\Codex\\Real Estate System\\generated\\images\\live\\propmarket\\propmarket-Xm4gDdTjpEarJdVGwcklo\\image_1.jpg"", ""C:\\Users\\lepha\\Documents\\Codex\\Real Estate System\\generated\\images\\live\\propmarket\\propmarket-Xm4gDdTjpEarJdVGwcklo\\image_2.jpg"", ""C:\\Users\\lepha\\Documents\\Codex\\Real Estate System\\generated\\images\\live\\propmarket\\propmarket-Xm4gDdTjpEarJdVGwcklo\\image_3.jpg"", ""C:\\Users\\lepha\\Documents\\Codex\\Real Estate System\\generated\\images\\live\\propmarket\\propmarket-Xm4gDdTjpEarJdVGwcklo\\image_4.jpg""]",https://www.propmarket.co.ls/properties/Xm4gDdTjpEarJdVGwcklo,Good,Contemporary,Urban,"[""garage""]",sale,4,Lesotho,Maseru,text_match,Nazareth,commercial,,,train,not_residential:commercial,False,False
propmarket-a_XSZfatKUY53228kTVOd,propmarket,Commercial,"This commercial site is at Ha-Mosalla, it has buildings in it.. you can turn it into B&B, it also has a tavern in the yard. Just 2 minutes to the tar road.. 1M negotiable.. There is a lease","Thepa ena ya mofuta wa site e fumaneha Ha Mosalla, Maseru. E na le sebaka sena mme e fumaneha ka theko ya M 1,000,000. Tlotla ena e tshwanetse ho shejwa bakeng sa bareki ba batlang menyetla ya nnete Lesotho.",1000000,LSL,Maseru,"Ha Mosalla, Maseru",Site,0,0,"[""C:\\Users\\lepha\\Documents\\Codex\\Real Estate System\\generated\\images\\live\\propmarket\\propmarket-a_XSZfatKUY53228kTVOd\\image_1.jpg"", ""C:\\Users\\lepha\\Documents\\Codex\\Real Estate System\\generated\\images\\live\\propmarket\\propmarket-a_XSZfatKUY53228kTVOd\\image_2.jpg"", ""C:\\Users\\lepha\\Documents\\Codex\\Real Estate System\\generated\\images\\live\\propmarket\\propmarket-a_XSZfatKUY53228kTVOd\\image_3.jpg"", ""C:\\Users\\lepha\\Documents\\Codex\\Real Estate System\\generated\\images\\live\\propmarket\\propmarket-a_XSZfatKUY53228kTVOd\\image_4.jpg""]",https://www.propmarket.co.ls/properties/a_XSZfatKUY53228kTVOd,Good,Family,Garden,"[""yard"", ""road access"", ""tar road""]",sale,4,Lesotho,Maseru,text_match,Ha Mosalla,commercial,,,train,not_residential:commercial,False,False
propmarket-VOfuPWdDqZF7vTq7W0rd5,propmarket,Warehouse,"This warehouse is at Ha Foso, ena le li office, 2 pavementmakers,brickmaker, 2 trucks,.. site ke 7900 sqm","Thepa ena ya mofuta wa house e fumaneha Koalabata, Berea. E na le dikamore tse 2 le dibate tse 1 mme e fumaneha ka theko ya M 9,000,000. Tlotla ena e tshwanetse ho shejwa bakeng sa bareki ba batlang menyetla ya nnete Lesotho.",9000000,LSL,Berea,"Koalabata, Berea",House,2,1,"[""C:\\Users\\lepha\\Documents\\Codex\\Real Estate System\\generated\\images\\live\\propmarket\\propmarket-VOfuPWdDqZF7vTq7W0rd5\\image_1.jpg"", ""C:\\Users\\lepha\\Documents\\Codex\\Real Estate System\\generated\\images\\live\\propmarket\\propmarket-VOfuPWdDqZF7vTq7W0rd5\\image_2.jpg""]",https://www.propmarket.co.ls/properties/VOfuPWdDqZF7vTq7W0rd5,Good,Contemporary,Suburban,"[""office-ready""]",sale,2,Lesotho,Berea,text_match,Koalabata,commercial,,2,train,not_residential:commercial,False,False
propmarket-pc_MMQtVKLqoGm2esl_IC,propmarket,Village Shopping Complex,"The mini shopping complex is at Koalabata near Koalabata Primary at just 2m...It consists of 900sqm commercial site ,four double rentals, mini storage, internet shop, butchery, pharmacy, offsales, big supermarket/warehouse,","Thepa ena ya mofuta wa house e fumaneha Koalabata, Berea. E na le dikamore tse 2 le dibate tse 1 mme e fumaneha ka theko ya M 2,000,000. Tlotla ena e tshwanetse ho shejwa bakeng sa bareki ba batlang menyetla ya nnete Lesotho.",2000000,LSL,Berea,"Koalabata, Berea",House,2,1,"[""C:\\Users\\lepha\\Documents\\Codex\\Real Estate System\\generated\\images\\live\\propmarket\\propmarket-pc_MMQtVKLqoGm2esl_IC\\image_1.jpg"", ""C:\\Users\\lepha\\Documents\\Codex\\Real Estate System\\generated\\images\\live\\propmarket\\propmarket-pc_MMQtVKLqoGm2esl_IC\\image_2.jpg"", ""C:\\Users\\lepha\\Documents\\Codex\\Real Estate System\\generated\\images\\live\\propmarket\\propmarket-pc_MMQtVKLqoGm2esl_IC\\image_3.jpg"", ""C:\\Users\\lepha\\Documents\\Codex\\Real Estate System\\generated\\images\\live\\propmarket\\propmarket-pc_MMQtVKLqoGm2esl_IC\\image_4.jpg""]",https://www.propmarket.co.ls/properties/pc_MMQtVKLqoGm2esl_IC,Good,Contemporary,Urban,[],sale,4,Lesotho,Berea,text_match,Koalabata,commercial,,2,train,not_residential:commercial,False,False
propmarket-CjMDJxYj7gYwhhmzGJLQZ,propmarket,"3 Bedrooms, Commercial",- 5000sqm land\n- 3 x bedroomed house\n- 2 room flat\n- 1 x bar\n- 1 x workshop\n- 1 x storeroom\n- 1 x (10m x 10m office) \n- Borehole \n- A big piece of the land still undeveloped\n- Situated in an industrial area alongside the main road. \n,"Thepa ena ya mofuta wa apartment e fumaneha Ladybrand, Mantsopa Local Municipality. E na le dikamore tse 3 le dibate tse 1 mme e fumaneha ka theko ya M 1,600,000. Tlotla ena e tshwanetse ho shejwa bakeng sa bareki ba batlang menyetla ya nnete Lesotho.",1600000,LSL,Mantsopa Local Municipality,"Ladybrand, Mantsopa Local Municipality",Apartment,3,1,"[""C:\\Users\\lepha\\Documents\\Codex\\Real Estate System\\generated\\images\\live\\propmarket\\propmarket-CjMDJxYj7gYwhhmzGJLQZ\\image_1.jpg"", ""C:\\Users\\lepha\\Documents\\Codex\\Real Estate System\\generated\\images\\live\\propmarket\\propmarket-CjMDJxYj7gYwhhmzGJLQZ\\image_2.jpg"", ""C:\\Users\\lepha\\Documents\\Codex\\Real Estate System\\generated\\images\\live\\propmarket\\propmarket-CjMDJxYj7gYwhhmzGJLQZ\\image_3.jpg"", ""C:\\Users\\lepha\\Documents\\Codex\\Real Estate System\\generated\\images\\live\\propmarket\\propmarket-CjMDJxYj7gYwhhmzGJLQZ\\image_4.jpg""]",https://www.propmarket.co.ls/properties/CjMDJxYj7gYwhhmzGJLQZ,Good,Contemporary,Urban,"[""road access"", ""office-ready""]",sale,4,South Africa,Outside Lesotho,outside_lesotho,Ladybrand,commercial,,3,train,outside_lesotho|not_residential:commercial,False,False
propmarket-S_WJ4Sx28S7mw4FnZ1aIR,propmarket,Warehouse,"The warehouse is located in Ha Hoohlo Florida, at 40k per month","Thepa ena ya mofuta wa house e fumaneha Ha Hoohlo, Maseru. E na le dikamore tse 2 le dibate tse 1 mme e fumaneha ka theko ya M 40,000. Tlotla ena e tshwanetse ho shejwa bakeng sa bareki ba batlang menyetla ya nnete Lesotho.",40000,LSL,Maseru,"Ha Hoohlo, Maseru",House,2,1,"[""C:\\Users\\lepha\\Documents\\Codex\\Real Estate System\\generated\\images\\live\\propmarket\\propmarket-S_WJ4Sx28S7mw4FnZ1aIR\\image_1.jpg"", ""C:\\Users\\lepha\\Documents\\Codex\\Real Estate System\\generated\\images\\live\\propmarket\\propmarket-S_WJ4Sx28S7mw4FnZ1aIR\\image_2.jpg"", ""C:\\Users\\lepha\\Documents\\Codex\\Real Estate System\\generated\\images\\live\\propmarket\\propmarket-S_WJ4Sx28S7mw4FnZ1aIR\\image_3.jpg"", ""C:\\Users\\lepha\\Documents\\Codex\\Real Estate System\\generated\\images\\live\\propmarket\\propmarket-S_WJ4Sx28S7mw4FnZ1aIR\\image_4.jpg""]",https://www.propmarket.co.ls/properties/S_WJ4Sx28S7mw4FnZ1aIR,Good,Traditional,Suburban,[],rent,4,Lesotho,Maseru,text_match,Ha Hoohlo,commercial,,2,train,not_residential:commercial,False,False
propmarket-xi929LSpoSctBQ62vW2j2,propmarket,"3 Units, Office","Offices to let in Maseru West,\nThis is ideal for small businesses, any kind of meetings and trainings,\n\nWe have hourly rates, \nWeekly rates\nMonthly rates and Annual rates.\n\nWe have kitchen, bathrooms for both genders, free wifi. contact us today to book.","Thepa ena ya mofuta wa commercial e fumaneha Maseru West, Maseru. E na le dikamore tse 2 le dibate tse 1 mme e fumaneha ka theko ya M 925. Tlotla ena e tshwanetse ho shejwa bakeng sa bareki ba batlang menyetla ya nnete Lesotho.",925,LSL,Maseru,"Maseru West, Maseru",Commercial,2,1,"[""C:\\Users\\lepha\\Documents\\Codex\\Real Estate System\\generated\\images\\live\\propmarket\\propmarket-xi929LSpoSctBQ62vW2j2\\image_1.jpg"", ""C:\\Users\\lepha\\Documents\\Codex\\Real Estate System\\generated\\images\\live\\propmarket\\propmarket-xi929LSpoSctBQ62vW2j2\\image_2.jpg"", ""C:\\Users\\lepha\\Documents\\Codex\\Real Estate System\\generated\\images\\live\\propmarket\\propmarket-xi929LSpoSctBQ62vW2j2\\image_3.jpg"", ""C:\\Users\\lepha\\Documents\\Codex\\Real Estate System\\generated\\images\\live\\propmarket\\propmarket-xi929LSpoSctBQ62vW2j2\\image_4.jpg"", ""C:\\Users\\lepha\\Documents\\Codex\\Real Estate System\\generated\\images\\live\\propmarket\\propmarket-xi929LSpoSctBQ62vW2j2\\image_5.jpg""]",https://www.propmarket.co.ls/properties/xi929LSpoSctBQ62vW2j2,Good,Contemporary,Suburban,"[""office-ready""]",rent,5,Lesotho,Maseru,text_match,Maseru West,commercial,,2,train,not_residential:commercial,False,False
propmarket-gOyBBUCYzdayGGsaQvIbB,propmarket,Commercial,"This mini complex is at Naleli Sekamaneng, just near the main road at just 500k,it consists of a shop, pharmacy and a salon.","Thepa ena ya mofuta wa commercial e fumaneha Naleli, Berea. E na le dikamore tse 2 le dibate tse 1 mme e fumaneha ka theko ya M 500,000. Tlotla ena e tshwanetse ho shejwa bakeng sa bareki ba batlang menyetla ya nnete Lesotho.",500000,LSL,Berea,"Naleli, Berea",Commercial,2,1,"[""C:\\Users\\lepha\\Documents\\Codex\\Real Estate System\\generated\\images\\live\\propmarket\\propmarket-gOyBBUCYzdayGGsaQvIbB\\image_1.jpg"", ""C:\\Users\\lepha\\Documents\\Codex\\Real Estate System\\generated\\images\\live\\propmarket\\propmarket-gOyBBUCYzdayGGsaQvIbB\\image_2.jpg"", ""C:\\Users\\lepha\\Documents\\Codex\\Real Estate System\\generated\\images\\live\\propmarket\\propmarket-gOyBBUCYzdayGGsaQvIbB\\image_3.jpg"", ""C:\\Users\\lepha\\Documents\\Codex\\Real Estate System\\generated\\images\\live\\propmarket\\propmarket-gOyBBUCYzdayGGsaQvIbB\\image_4.jpg""]",https://www.propmarket.co.ls/properties/gOyBBUCYzdayGGsaQvIbB,Good,Contemporary,Urban,"[""road access""]",sale,4,Lesotho,Berea,text_match,Naleli,commercial,,2,val,not_residential:commercial,False,False
propmarket-i4Vz-XCzrv8T7dnrdKke_,propmarket,Commercial,"The site is located at Ha Tikoe, about 2 minutes' walk from Maseru Private Academy it is on the opposite side","Thepa ena ya mofuta wa site e fumaneha Ha Tsolo, Maseru. E na le sebaka sena mme e fumaneha ka theko ya M 1,900,000. Tlotla ena e tshwanetse ho shejwa bakeng sa bareki ba batlang menyetla ya nnete Lesotho.",1900000,LSL,Maseru,"Ha Tsolo, Maseru",Site,0,0,"[""C:\\Users\\lepha\\Documents\\Codex\\Real Estate System\\generated\\images\\live\\propmarket\\propmarket-i4Vz-XCzrv8T7dnrdKke_\\image_1.jpg"", ""C:\\Users\\lepha\\Documents\\Codex\\Real Estate System\\generated\\images\\live\\propmarket\\propmarket-i4Vz-XCzrv8T7dnrdKke_\\image_2.jpg"", ""C:\\Users\\lepha\\Documents\\Codex\\Real Estate System\\generated\\images\\live\\propmarket\\propmarket-i4Vz-XCzrv8T7dnrdKke_\\image_3.jpg"", ""C:\\Users\\lepha\\Documents\\Codex\\Real Estate System\\generated\\images\\live\\propmarket\\propmarket-i4Vz-XCzrv8T7dnrdKke_\\image_4.jpg"", ""C:\\Users\\lepha\\Documents\\Codex\\Real Estate System\\generated\\images\\live\\propmarket\\propmarket-i4Vz-XCzrv8T7dnrdKke_\\image_5.jpg""]",https://www.propmarket.co.ls/properties/i4Vz-XCzrv8T7dnrdKke_,Good,Contemporary,Suburban,[],sale,5,Lesotho,Maseru,text_match,Ha Tsolo,commercial,,,val,not_residential:commercial,False,False
propmarket-YTDwRUx3zHKcaHbabWIha,propmarket,"3 Units, Village Shopping Complex",🏢INVESTMENT PROPERTY FOR SALE📢\n📍Naleli\nAsking Price 500k\nSite: 254.88 sqm\nNear the main road\nLeased,"Thepa ena ya mofuta wa site e fumaneha Naleli, Berea. E na le sebaka sena mme e fumaneha ka theko ya M 500,000. Tlotla ena e tshwanetse ho shejwa bakeng sa bareki ba batlang menyetla ya nnete Lesotho.",500000,LSL,Berea,"Naleli, Berea",Site,0,0,"[""C:\\Users\\lepha\\Documents\\Codex\\Real Estate System\\generated\\images\\live\\propmarket\\propmarket-YTDwRUx3zHKcaHbabWIha\\image_1.jpg"", ""C:\\Users\\lepha\\Documents\\Codex\\Real Estate System\\generated\\images\\live\\propmarket\\propmarket-YTDwRUx3zHKcaHbabWIha\\image_2.jpg"", ""C:\\Users\\lepha\\Documents\\Codex\\Real Estate System\\generated\\images\\live\\propmarket\\propmarket-YTDwRUx3zHKcaHbabWIha\\image_3.jpg"", ""C:\\Users\\lepha\\Documents\\Codex\\Real Estate System\\generated\\images\\live\\propmarket\\propmarket-YTDwRUx3zHKcaHbabWIha\\image_4.jpg"", ""C:\\Users\\lepha\\Documents\\Codex\\Real Estate System\\generated\\images\\live\\propmarket\\propmarket-YTDwRUx3zHKcaHbabWIha\\image_5.png""]",https://www.propmarket.co.ls/properties/YTDwRUx3zHKcaHbabWIha,Good,Contemporary,Suburban,"[""road access""]",sale,5,Lesotho,Berea,text_match,Naleli,commercial,,,train,not_residential:commercial,False,False
propmarket-edfhLQc1l43TE6yfto4ak,propmarket,Guest House,"We are Salisha Bed and Breakfast at Masowe 2... single=660, double 860, twin=910 and executive room 1200","Thepa ena ya mofuta wa house e fumaneha Masowe 1b Secondary School, Maseru. E na le dikamore tse 2 le dibate tse 1 mme e fumaneha ka theko ya M 660. Tlotla ena e tshwanetse ho shejwa bakeng sa bareki ba batlang menyetla ya nnete Lesotho.",660,LSL,Maseru,"Masowe 1b Secondary School, Maseru",House,2,1,"[""C:\\Users\\lepha\\Documents\\Codex\\Real Estate System\\generated\\images\\live\\propmarket\\propmarket-edfhLQc1l43TE6yfto4ak\\image_1.jpg"", ""C:\\Users\\lepha\\Documents\\Codex\\Real Estate System\\generated\\images\\live\\propmarket\\propmarket-edfhLQc1l43TE6yfto4ak\\image_2.jpg"", ""C:\\Users\\lepha\\Documents\\Codex\\Real Estate System\\generated\\images\\live\\propmarket\\propmarket-edfhLQc1l43TE6yfto4ak\\image_3.jpg"", ""C:\\Users\\lepha\\Documents\\Codex\\Real Estate System\\generated\\images\\live\\propmarket\\propmarket-edfhLQc1l43TE6yfto4ak\\image_4.jpg""]",https://www.propmarket.co.ls/properties/edfhLQc1l43TE6yfto4ak,Good,Traditional,Urban,"[""near schools"", ""road access""]",rent,4,Lesotho,Maseru,text_match,Masowe 1b Secondary School,commercial,,2,train,not_residential:commercial,False,False
propmarket-FNCZZ2TyT7trV3bklxrX_,propmarket,Guest House,"In Katlehong Maseru.\n\nLooking for the perfect getaway?? Look no further! At Greater Heights Guest House, we pride ourselves on providing the best hospitality service and cozy rooms that make you feel right at home.\n\nSingle M600.00 breakfast includes breakfast \nDouble M750.00 lunch includes breakfast \nExecutive room M 850.00 includes breakfast.\n\nFree WIFI, Conference Hall, On site parking, dining area and bar, LCD flat screens and private boardroom. \n","Thepa ena ya mofuta wa apartment e fumaneha Katlehong, Maseru. E na le dikamore tse 2 le dibate tse 1 mme e fumaneha ka theko ya M 750. Tlotla ena e tshwanetse ho shejwa bakeng sa bareki ba batlang menyetla ya nnete Lesotho.",750,LSL,Maseru,"Katlehong, Maseru",Apartment,2,1,"[""C:\\Users\\lepha\\Documents\\Codex\\Real Estate System\\generated\\images\\live\\propmarket\\propmarket-FNCZZ2TyT7trV3bklxrX_\\image_1.jpg"", ""C:\\Users\\lepha\\Documents\\Codex\\Real Estate System\\generated\\images\\live\\propmarket\\propmarket-FNCZZ2TyT7trV3bklxrX_\\image_2.jpg"", ""C:\\Users\\lepha\\Documents\\Codex\\Real Estate System\\generated\\images\\live\\propmarket\\propmarket-FNCZZ2TyT7trV3bklxrX_\\image_3.jpg"", ""C:\\Users\\lepha\\Documents\\Codex\\Real Estate System\\generated\\images\\live\\propmarket\\propmarket-FNCZZ2TyT7trV3bklxrX_\\image_4.jpg""]",https://www.propmarket.co.ls/properties/FNCZZ2TyT7trV3bklxrX_,Good,Traditional,Suburban,"[""parking""]",rent,4,Lesotho,Maseru,text_match,Katlehong,commercial,,2,train,not_residential:commercial,False,False
propmarket-Jt0Cc35_yXnppB3KQQRT4,propmarket,Guest House,New Heights guest house \n\nKhubetsoana location Lerakong \n\nSingle M 500.00\nDouble M650.00\nIf you are looking for a place to call home when you are away from home please contact us today.,"Thepa ena ya mofuta wa house e fumaneha Khubetsoana, Maseru. E na le sebaka sena mme e fumaneha ka theko ya M 500. Tlotla ena e tshwanetse ho shejwa bakeng sa bareki ba batlang menyetla ya nnete Lesotho.",500,LSL,Maseru,"Khubetsoana, Maseru",House,0,0,"[""C:\\Users\\lepha\\Documents\\Codex\\Real Estate System\\generated\\images\\live\\propmarket\\propmarket-Jt0Cc35_yXnppB3KQQRT4\\image_1.jpg"", ""C:\\Users\\lepha\\Documents\\Codex\\Real Estate System\\generated\\images\\live\\propmarket\\propmarket-Jt0Cc35_yXnppB3KQQRT4\\image_2.jpg"", ""C:\\Users\\lepha\\Documents\\Codex\\Real Estate System\\generated\\images\\live\\propmarket\\propmarket-Jt0Cc35_yXnppB3KQQRT4\\image_3.jpg"", ""C:\\Users\\lepha\\Documents\\Codex\\Real Estate System\\generated\\images\\live\\propmarket\\propmarket-Jt0Cc35_yXnppB3KQQRT4\\image_4.jpg""]",https://www.propmarket.co.ls/properties/Jt0Cc35_yXnppB3KQQRT4,New,Traditional,Suburban,[],rent,4,Lesotho,Maseru,text_match,Khubetsoana,commercial,,,test,not_residential:commercial,False,False
propmarket-l3VzwxdRctomL_kOBoNk6,propmarket,Commercial,"This huge property is at Ha-Motloheloa Ntshelle at 4m and it is negotiable, u nkella le tsohle including trucks and business houses.","Thepa ena ya mofuta wa house e fumaneha Ha Motloheloa, Maseru. E na le dikamore tse 2 le dibate tse 1 mme e fumaneha ka theko ya M 4,000,000. Tlotla ena e tshwanetse ho shejwa bakeng sa bareki ba batlang menyetla ya nnete Lesotho.",4000000,LSL,Maseru,"Ha Motloheloa, Maseru",House,2,1,"[""C:\\Users\\lepha\\Documents\\Codex\\Real Estate System\\generated\\images\\live\\propmarket\\propmarket-l3VzwxdRctomL_kOBoNk6\\image_1.jpg"", ""C:\\Users\\lepha\\Documents\\Codex\\Real Estate System\\generated\\images\\live\\propmarket\\propmarket-l3VzwxdRctomL_kOBoNk6\\image_2.jpg"", ""C:\\Users\\lepha\\Documents\\Codex\\Real Estate System\\generated\\images\\live\\propmarket\\propmarket-l3VzwxdRctomL_kOBoNk6\\image_3.jpg"", ""C:\\Users\\lepha\\Documents\\Codex\\Real Estate System\\generated\\images\\live\\propmarket\\propmarket-l3VzwxdRctomL_kOBoNk6\\image_4.jpg""]",https://www.propmarket.co.ls/properties/l3VzwxdRctomL_kOBoNk6,Good,Contemporary,Suburban,[],sale,4,Lesotho,Maseru,text_match,Ha Motloheloa,commercial,,2,test,not_residential:commercial,False,False
propmarket-56sZ3iLD1S70wZWA1ZbGJ,propmarket,Office,"ground floor, 34sqm area of 2 offices, rent 10.5k plus 10.5k security. agent fees apply","Thepa ena ya mofuta wa commercial e fumaneha Mohalalitoe, Maseru. E na le dikamore tse 2 le dibate tse 1 mme e fumaneha ka theko ya M 10,500. Tlotla ena e tshwanetse ho shejwa bakeng sa bareki ba batlang menyetla ya nnete Lesotho.",10500,LSL,Maseru,"Mohalalitoe, Maseru",Commercial,2,1,"[""C:\\Users\\lepha\\Documents\\Codex\\Real Estate System\\generated\\images\\live\\propmarket\\propmarket-56sZ3iLD1S70wZWA1ZbGJ\\image_1.jpg"", ""C:\\Users\\lepha\\Documents\\Codex\\Real Estate System\\generated\\images\\live\\propmarket\\propmarket-56sZ3iLD1S70wZWA1ZbGJ\\image_2.jpg"", ""C:\\Users\\lepha\\Documents\\Codex\\Real Estate System\\generated\\images\\live\\propmarket\\propmarket-56sZ3iLD1S70wZWA1ZbGJ\\image_3.jpg""]",https://www.propmarket.co.ls/properties/56sZ3iLD1S70wZWA1ZbGJ,Good,Contemporary,Suburban,"[""office-ready"", ""security""]",rent,3,Lesotho,Maseru,text_match,Mohalalitoe,commercial,,2,train,not_residential:commercial,False,False
propmarket-1TpIGvkFQG08fdE-GeXki,propmarket,Commercial,We have this 10000sqm site at Sehlabeng and it has a lease at just 1.3m,"Thepa ena ya mofuta wa site e fumaneha Sehlabeng (ha Ts'oene Lipohong), Berea. E na le sebaka sena mme e fumaneha ka theko ya M 1,300,000. Tlotla ena e tshwanetse ho shejwa bakeng sa bareki ba batlang menyetla ya nnete Lesotho.",1300000,LSL,Berea,"Sehlabeng (ha Ts'oene Lipohong), Berea",Site,0,0,"[""C:\\Users\\lepha\\Documents\\Codex\\Real Estate System\\generated\\images\\live\\propmarket\\propmarket-1TpIGvkFQG08fdE-GeXki\\image_1.jpg""]",https://www.propmarket.co.ls/properties/1TpIGvkFQG08fdE-GeXki,Good,Contemporary,Suburban,[],sale,1,Lesotho,Berea,text_match,Sehlabeng (ha Ts'oene Lipohong),commercial,,,train,not_residential:commercial,False,False
propmarket-6MZ5bxvKORBi0Mj3TBbIF,propmarket,Village Shopping Complex,We have this mini complex at Ha Tsolo Usave Ha Tsolo Maseru at 1.5 m..Tenants are already there,"Thepa ena ya mofuta wa commercial e fumaneha Usave, Maseru. E na le dikamore tse 2 le dibate tse 1 mme e fumaneha ka theko ya M 1,500,000. Tlotla ena e tshwanetse ho shejwa bakeng sa bareki ba batlang menyetla ya nnete Lesotho.",1500000,LSL,Maseru,"Usave, Maseru",Commercial,2,1,"[""C:\\Users\\lepha\\Documents\\Codex\\Real Estate System\\generated\\images\\live\\propmarket\\propmarket-6MZ5bxvKORBi0Mj3TBbIF\\image_1.jpg""]",https://www.propmarket.co.ls/properties/6MZ5bxvKORBi0Mj3TBbIF,Good,Contemporary,Suburban,"[""road access""]",sale,1,Lesotho,Maseru,text_match,Usave,commercial,,2,train,not_residential:commercial,False,False
propmarket-1m6yiIhqoyyiUv9yQaiJO,propmarket,"21 Bedrooms, Guest House","Investors Take note!!!!!!\n\nGuesthouse for sale in Likileng Butha Buthe.\n\nThis guesthouse is being auctioned on the 19 of September 2025.\n\nPlace High Court of Lesotho Northen Division at 9 am.\n\nIf you are looking for a place to make you daily income this is your opportunity!!!! \nThis guesthouse offers 21 bedrooms.\n\nGround floor offers reception, passage, toilets, kitchen, conference hall.\n\nFirst floor, 5 hotel rooms with en suite bathrooms.\nSecond floor 6 guest room. \n\nStandard rooms 11 Rate M800 per night\nExecutive rooms X5 M950 per night\nFamily rooms X5 M900 per night \nLunch X5\nDinner X5\nConference call X5\n\nCall today and make use of this amazing investment opportunity.\n","Thepa ena ya mofuta wa house e fumaneha Likileng(paballong), Reserve (butha Buthe). E na le dikamore tse 21 le dibate tse 11 mme e fumaneha ka theko ya M 5,000,000. Tlotla ena e tshwanetse ho shejwa bakeng sa bareki ba batlang menyetla ya nnete Lesotho.",5000000,LSL,Reserve (Butha Buthe),"Likileng(paballong), Reserve (butha Buthe)",House,21,11,"[""C:\\Users\\lepha\\Documents\\Codex\\Real Estate System\\generated\\images\\live\\propmarket\\propmarket-1m6yiIhqoyyiUv9yQaiJO\\image_1.jpg"", ""C:\\Users\\lepha\\Documents\\Codex\\Real Estate System\\generated\\images\\live\\propmarket\\propmarket-1m6yiIhqoyyiUv9yQaiJO\\image_2.jpg"", ""C:\\Users\\lepha\\Documents\\Codex\\Real Estate System\\generated\\images\\live\\propmarket\\propmarket-1m6yiIhqoyyiUv9yQaiJO\\image_3.jpg"", ""C:\\Users\\lepha\\Documents\\Codex\\Real Estate System\\generated\\images\\live\\propmarket\\propmarket-1m6yiIhqoyyiUv9yQaiJO\\image_4.jpg""]",https://www.propmarket.co.ls/properties/1m6yiIhqoyyiUv9yQaiJO,Good,Family,Suburban,[],sale,4,Lesotho,Butha-Buthe,text_match,Likileng(paballong),commercial,,5+,train,not_residential:commercial,False,False
propmarket-jWqWDunZpClxwr50640ud,propmarket,Village Shopping Complex,"<p>We are selling this mini complex at Ha-Matala at 700k negotiable, the collection of rent monthly is over 10k.</p>","Thepa ena ya mofuta wa commercial e fumaneha Ha Matala, Maseru. E na le dikamore tse 2 le dibate tse 1 mme e fumaneha ka theko ya M 700,000. Tlotla ena e tshwanetse ho shejwa bakeng sa bareki ba batlang menyetla ya nnete Lesotho.",700000,LSL,Maseru,"Ha Matala, Maseru",Commercial,2,1,"[""C:\\Users\\lepha\\Documents\\Codex\\Real Estate System\\generated\\images\\live\\propmarket\\propmarket-jWqWDunZpClxwr50640ud\\image_1.jpg"", ""C:\\Users\\lepha\\Documents\\Codex\\Real Estate System\\generated\\images\\live\\propmarket\\propmarket-jWqWDunZpClxwr50640ud\\image_2.jpg"", ""C:\\Users\\lepha\\Documents\\Codex\\Real Estate System\\generated\\images\\live\\propmarket\\propmarket-jWqWDunZpClxwr50640ud\\image_3.jpg"", ""C:\\Users\\lepha\\Documents\\Codex\\Real Estate System\\generated\\images\\live\\propmarket\\propmarket-jWqWDunZpClxwr50640ud\\image_4.jpg""]",https://www.propmarket.co.ls/properties/jWqWDunZpClxwr50640ud,Good,Contemporary,Suburban,[],sale,4,Lesotho,Maseru,text_match,Ha Matala,commercial,,2,test,not_residential:commercial,False,False
propmarket-03tGL-LyZ-z9na20N8WHN,propmarket,Malaene,"<p>We have this property at Ha Pita Ha Seleso pela Maloti Supermarket.. Ke li single tse 15,not fat from the road just 2 minutes.. 825k</p>","Thepa ena ya mofuta wa house e fumaneha Ha Pita, Maseru. E na le dikamore tse 2 le dibate tse 1 mme e fumaneha ka theko ya M 825,000. Tlotla ena e tshwanetse ho shejwa bakeng sa bareki ba batlang menyetla ya nnete Lesotho.",825000,LSL,Maseru,"Ha Pita, Maseru",House,2,1,"[""C:\\Users\\lepha\\Documents\\Codex\\Real Estate System\\generated\\images\\live\\propmarket\\propmarket-03tGL-LyZ-z9na20N8WHN\\image_1.jpg"", ""C:\\Users\\lepha\\Documents\\Codex\\Real Estate System\\generated\\images\\live\\propmarket\\propmarket-03tGL-LyZ-z9na20N8WHN\\image_2.jpg"", ""C:\\Users\\lepha\\Documents\\Codex\\Real Estate System\\generated\\images\\live\\propmarket\\propmarket-03tGL-LyZ-z9na20N8WHN\\image_3.jpg"", ""C:\\Users\\lepha\\Documents\\Codex\\Real Estate System\\generated\\images\\live\\propmarket\\propmarket-03tGL-LyZ-z9na20N8WHN\\image_4.jpg"", ""C:\\Users\\lepha\\Documents\\Codex\\Real Estate System\\generated\\images\\live\\propmarket\\propmarket-03tGL-LyZ-z9na20N8WHN\\image_5.png""]",https://www.propmarket.co.ls/properties/03tGL-LyZ-z9na20N8WHN,Good,Traditional,Suburban,"[""road access""]",sale,5,Lesotho,Maseru,text_match,Ha Pita,commercial,,2,val,not_residential:commercial,False,False
propmarket-nPomYV-UzDSR2r9Xnuq6E,propmarket,"2 Bedrooms, Duplex","<p>A well secured Residential Duplex for rental in Hospital Area Mafeteng.</p><p>- 2 fully fitted bedrooms</p><p>- a spacious lounge</p><p>- Fully fitted open plan kitchen, with stove, oven and extractor fan</p><p>- Toilet and shower</p><p>- Washing machine connectivity</p><p>- Contingency water storage tank in case of water cuts</p><p>- Mini complex secured with fencing and a remote controlled access gate</p><p>- Sufficient parking space</p><p>- Close proximity to facilities including main hospital, schools, sporting grounds, shopping centres</p><p>- Water bill, gardening fee included in the rental</p><p>-Rent R3000 plus equivalent security deposit.</p>","Thepa ena ya mofuta wa townhouse e fumaneha Mafeteng Hospital, Mafeteng. E na le dikamore tse 2 le dibate tse 1 mme e fumaneha ka theko ya M 3,000. Tlotla ena e tshwanetse ho shejwa bakeng sa bareki ba batlang menyetla ya nnete Lesotho.",3000,LSL,Mafeteng,"Mafeteng Hospital, Mafeteng",Townhouse,2,1,"[""C:\\Users\\lepha\\Documents\\Codex\\Real Estate System\\generated\\images\\live\\propmarket\\propmarket-nPomYV-UzDSR2r9Xnuq6E\\image_1.jpg"", ""C:\\Users\\lepha\\Documents\\Codex\\Real Estate System\\generated\\images\\live\\propmarket\\propmarket-nPomYV-UzDSR2r9Xnuq6E\\image_2.jpg"", ""C:\\Users\\lepha\\Documents\\Codex\\Real Estate System\\generated\\images\\live\\propmarket\\propmarket-nPomYV-UzDSR2r9Xnuq6E\\image_3.jpg"", ""C:\\Users\\lepha\\Documents\\Codex\\Real Estate System\\generated\\images\\live\\propmarket\\propmarket-nPomYV-UzDSR2r9Xnuq6E\\image_4.jpg"", ""C:\\Users\\lepha\\Documents\\Codex\\Real Estate System\\generated\\images\\live\\propmarket\\propmarket-nPomYV-UzDSR2r9Xnuq6E\\image_5.jpg""]",https://www.propmarket.co.ls/properties/nPomYV-UzDSR2r9Xnuq6E,Good,Family,Garden,"[""water connection"", ""parking"", ""garden"", ""near schools"", ""road access"", ""security"", ""shower""]",rent,5,Lesotho,Mafeteng,text_match,Mafeteng Hospital,commercial,,2,val,not_residential:commercial,False,False
propmarket-OwHW5vnV2magFGDtlpYHa,propmarket,"12 Bedrooms, Guest House","<p>Loretobs Guest House - located at Marabeng, Ha Foso. There are 12 rooms and CCTV. Rate - M50 per hour, M200 per night</p>","Thepa ena ya mofuta wa house e fumaneha Ha Foso, Berea. E na le dikamore tse 12 le dibate tse 1 mme e fumaneha ka theko ya M 1,600,000. Tlotla ena e tshwanetse ho shejwa bakeng sa bareki ba batlang menyetla ya nnete Lesotho.",1600000,LSL,Berea,"Ha Foso, Berea",House,12,1,"[""C:\\Users\\lepha\\Documents\\Codex\\Real Estate System\\generated\\images\\live\\propmarket\\propmarket-OwHW5vnV2magFGDtlpYHa\\image_1.jpg"", ""C:\\Users\\lepha\\Documents\\Codex\\Real Estate System\\generated\\images\\live\\propmarket\\propmarket-OwHW5vnV2magFGDtlpYHa\\image_2.jpg"", ""C:\\Users\\lepha\\Documents\\Codex\\Real Estate System\\generated\\images\\live\\propmarket\\propmarket-OwHW5vnV2magFGDtlpYHa\\image_3.jpg"", ""C:\\Users\\lepha\\Documents\\Codex\\Real Estate System\\generated\\images\\live\\propmarket\\propmarket-OwHW5vnV2magFGDtlpYHa\\image_4.jpg"", ""C:\\Users\\lepha\\Documents\\Codex\\Real Estate System\\generated\\images\\live\\propmarket\\propmarket-OwHW5vnV2magFGDtlpYHa\\image_5.png""]",https://www.propmarket.co.ls/properties/OwHW5vnV2magFGDtlpYHa,Good,Traditional,Suburban,[],sale,5,Lesotho,Berea,text_match,Ha Foso,commercial,,5+,train,not_residential:commercial,False,False
propmarket-ooke0hi120QDMrBIrOdgu,propmarket,"1 Unit, Office",OFFICE SPACE FOR RENTAL \n \nMaseru West \nRENT PER MONTH: 18K\nSECURITY DEPOSIT: 18K\n\nFirst Floor:\n4 huge Office Rooms.\n\nGround Floor:\n1 Large Bedroom area\n1 Office \n1ensuit Office adjustment \nKitchenette. \nBig Carport accommodating 7cars max.\nGarage/Storeroom. \n\nFor further inquiries and viewing please contact +266 59107030,"Thepa ena ya mofuta wa commercial e fumaneha Maseru West, Maseru. E na le dikamore tse 2 le dibate tse 1 mme e fumaneha ka theko ya M 18,000. Tlotla ena e tshwanetse ho shejwa bakeng sa bareki ba batlang menyetla ya nnete Lesotho.",18000,LSL,Maseru,"Maseru West, Maseru",Commercial,2,1,"[""C:\\Users\\lepha\\Documents\\Codex\\Real Estate System\\generated\\images\\live\\propmarket\\propmarket-ooke0hi120QDMrBIrOdgu\\image_1.jpg"", ""C:\\Users\\lepha\\Documents\\Codex\\Real Estate System\\generated\\images\\live\\propmarket\\propmarket-ooke0hi120QDMrBIrOdgu\\image_2.jpg"", ""C:\\Users\\lepha\\Documents\\Codex\\Real Estate System\\generated\\images\\live\\propmarket\\propmarket-ooke0hi120QDMrBIrOdgu\\image_3.jpg"", ""C:\\Users\\lepha\\Documents\\Codex\\Real Estate System\\generated\\images\\live\\propmarket\\propmarket-ooke0hi120QDMrBIrOdgu\\image_4.jpg"", ""C:\\Users\\lepha\\Documents\\Codex\\Real Estate System\\generated\\images\\live\\propmarket\\propmarket-ooke0hi120QDMrBIrOdgu\\image_5.jpg""]",https://www.propmarket.co.ls/properties/ooke0hi120QDMrBIrOdgu,Good,Contemporary,Hillside,"[""garage"", ""office-ready"", ""security""]",rent,5,Lesotho,Maseru,text_match,Maseru West,commercial,,2,train,not_residential:commercial,False,False
propmarket-pW4KnmlUA2ECseFurLgVQ,propmarket,Commercial,"<p>This 5 roomed house with lisingle tse 4 and a bar, lease e teng, le licence ea bar e teng..Motse-Mocha </p>","Thepa ena ya mofuta wa house e fumaneha Motimposo, Maseru. E na le dikamore tse 2 le dibate tse 1 mme e fumaneha ka theko ya M 850,000. Tlotla ena e tshwanetse ho shejwa bakeng sa bareki ba batlang menyetla ya nnete Lesotho.",850000,LSL,Maseru,"Motimposo, Maseru",House,2,1,"[""C:\\Users\\lepha\\Documents\\Codex\\Real Estate System\\generated\\images\\live\\propmarket\\propmarket-pW4KnmlUA2ECseFurLgVQ\\image_1.jpg"", ""C:\\Users\\lepha\\Documents\\Codex\\Real Estate System\\generated\\images\\live\\propmarket\\propmarket-pW4KnmlUA2ECseFurLgVQ\\image_2.jpg"", ""C:\\Users\\lepha\\Documents\\Codex\\Real Estate System\\generated\\images\\live\\propmarket\\propmarket-pW4KnmlUA2ECseFurLgVQ\\image_3.jpg""]",https://www.propmarket.co.ls/properties/pW4KnmlUA2ECseFurLgVQ,Good,Contemporary,Suburban,[],sale,3,Lesotho,Maseru,text_match,Motimposo,commercial,,2,test,not_residential:commercial,False,False
propmarket-i2JEq6F2irQ7hSxrkoUXM,propmarket,Shopo,The shop is at Lower Thamae\nOpposite New Millenium School\nWater and electricity available\nNear Tar Road\n90 sqm\n\nCommission - M600\n,"Thepa ena ya mofuta wa site e fumaneha Lower Thamae, Maseru. E na le sebaka sena mme e fumaneha ka theko ya M 7,000. Tlotla ena e tshwanetse ho shejwa bakeng sa bareki ba batlang menyetla ya nnete Lesotho.",7000,LSL,Maseru,"Lower Thamae, Maseru",Site,0,0,"[""C:\\Users\\lepha\\Documents\\Codex\\Real Estate System\\generated\\images\\live\\propmarket\\propmarket-i2JEq6F2irQ7hSxrkoUXM\\image_1.jpg"", ""C:\\Users\\lepha\\Documents\\Codex\\Real Estate System\\generated\\images\\live\\propmarket\\propmarket-i2JEq6F2irQ7hSxrkoUXM\\image_2.jpg"", ""C:\\Users\\lepha\\Documents\\Codex\\Real Estate System\\generated\\images\\live\\propmarket\\propmarket-i2JEq6F2irQ7hSxrkoUXM\\image_3.jpg"", ""C:\\Users\\lepha\\Documents\\Codex\\Real Estate System\\generated\\images\\live\\propmarket\\propmarket-i2JEq6F2irQ7hSxrkoUXM\\image_4.jpg"", ""C:\\Users\\lepha\\Documents\\Codex\\Real Estate System\\generated\\images\\live\\propmarket\\propmarket-i2JEq6F2irQ7hSxrkoUXM\\image_5.png""]",https://www.propmarket.co.ls/properties/i2JEq6F2irQ7hSxrkoUXM,New,Contemporary,Urban,"[""water connection"", ""electricity"", ""near schools"", ""road access"", ""tar road""]",rent,5,Lesotho,Maseru,text_match,Lower Thamae,commercial,,,train,not_residential:commercial,False,False
sotholand-20e1e74e82a0,sotholand,Double Storey Home,"Rental: M45,000 per month | Sale: M10 Million Experience luxury living in the heart of Maseru West with this stunning 4-bedroom double-storey home. Perfectly designed for modern family living, this property combines elegance, comfort, and functionality. Features include: 4 Spacious Bedrooms – including a master suite with en-suite bathroom and built-in wardrobes. Modern Kitchen – fitted with sleek wooden cabinetry, granite countertops, and ample storage space. Scullery & Laundry Area – complete with fitted cupboards and space for appliances. Expansive Living & Dining Areas – designed for open, natural light-filled living. Balcony & Patio – perfect for relaxing or entertaining. Large Green Yard – ideal for outdoor gatherings and family activities. Secure Parking & Air-conditioning – ensuring comfort and convenience. Located in one of Maseru’s most prestigious neighborhoods, this home is close to schools, shopping centers, and essential amenities, making it ideal for families or professionals seeking an upscale lifestyle.","Thepa ena ya mofuta wa house e fumaneha Golf Course Estate, Lesotho. E na le dikamore tse 4 le dibate tse 3 mme e fumaneha ka theko ya M 45,000. Tlotla ena e tshwanetse ho shejwa bakeng sa bareki ba batlang menyetla ya nnete Lesotho.",45000,LSL,Maseru,"Golf Course Estate, Lesotho",House,4,3,"[""C:\\Users\\lepha\\Documents\\Codex\\Real Estate System\\generated\\images\\live\\sotholand\\sotholand-20e1e74e82a0\\image_1.jpg"", ""C:\\Users\\lepha\\Documents\\Codex\\Real Estate System\\generated\\images\\live\\sotholand\\sotholand-20e1e74e82a0\\image_2.jpg"", ""C:\\Users\\lepha\\Documents\\Codex\\Real Estate System\\generated\\images\\live\\sotholand\\sotholand-20e1e74e82a0\\image_3.jpg"", ""C:\\Users\\lepha\\Documents\\Codex\\Real Estate System\\generated\\images\\live\\sotholand\\sotholand-20e1e74e82a0\\image_4.jpg""]",https://sotholandproperties.co.ls/property-details?id=20e1e74e82a0,New,Modern,Garden,"[""parking"", ""yard"", ""near schools""]",rent,4,Lesotho,Maseru,text_match,Golf Course Estate,commercial,,4,train,not_residential:commercial,False,False
sotholand-10e1e74e72a0,sotholand,Ground floor,"Spacious 4-Bedroom Home in Maseru West – M30,000 Located in the prestigious Maseru West neighborhood, this elegant 4-bedroom property offers a perfect blend of comfort and convenience. The home features generously sized bedrooms, a modern kitchen, and open-plan living areas ideal for family living or entertaining guests. Additional highlights include: Master bedroom with en-suite bathroom Built-in wardrobes in all bedrooms Secure parking space Well-maintained yard/garden area Close proximity to schools, shopping centers, and essential amenities This property is ideal for families or professionals seeking a stylish and secure residence in one of Maseru’s most sought-after areas.","Thepa ena ya mofuta wa house e fumaneha Maseru West, Lesoto. E na le dikamore tse 4 le dibate tse 2 mme e fumaneha ka theko ya M 30,000. Tlotla ena e tshwanetse ho shejwa bakeng sa bareki ba batlang menyetla ya nnete Lesotho.",30000,LSL,Maseru,"Maseru West, Lesoto",House,4,2,"[""C:\\Users\\lepha\\Documents\\Codex\\Real Estate System\\generated\\images\\live\\sotholand\\sotholand-10e1e74e72a0\\image_1.jpg"", ""C:\\Users\\lepha\\Documents\\Codex\\Real Estate System\\generated\\images\\live\\sotholand\\sotholand-10e1e74e72a0\\image_2.jpg"", ""C:\\Users\\lepha\\Documents\\Codex\\Real Estate System\\generated\\images\\live\\sotholand\\sotholand-10e1e74e72a0\\image_3.jpg"", ""C:\\Users\\lepha\\Documents\\Codex\\Real Estate System\\generated\\images\\live\\sotholand\\sotholand-10e1e74e72a0\\image_4.jpg""]",https://sotholandproperties.co.ls/property-details?id=10e1e74e72a0,New,Modern,Garden,"[""parking"", ""garden"", ""yard"", ""near schools""]",rent,4,Lesotho,Maseru,text_match,Maseru West,commercial,,4,train,not_residential:commercial,False,False
sotholand-2a20088dc313,sotholand,Ground floor,"For rent�Maseru West 14 rooms First floor Ground Floor Ideal for NGO�s , offices and embassies","Thepa ena ya mofuta wa commercial e fumaneha Maseru West. E na le dikamore tse 3 le dibate tse 1 mme e fumaneha ka theko ya M 40,000. Tlotla ena e tshwanetse ho shejwa bakeng sa bareki ba batlang menyetla ya nnete Lesotho.",40000,LSL,Maseru,Maseru West,Commercial,3,1,"[""C:\\Users\\lepha\\Documents\\Codex\\Real Estate System\\generated\\images\\live\\sotholand\\sotholand-2a20088dc313\\image_1.jpg"", ""C:\\Users\\lepha\\Documents\\Codex\\Real Estate System\\generated\\images\\live\\sotholand\\sotholand-2a20088dc313\\image_2.jpg"", ""C:\\Users\\lepha\\Documents\\Codex\\Real Estate System\\generated\\images\\live\\sotholand\\sotholand-2a20088dc313\\image_3.jpg""]",https://sotholandproperties.co.ls/property-details?id=2a20088dc313,Good,Contemporary,Suburban,"[""office-ready""]",rent,3,Lesotho,Maseru,text_match,Maseru West,commercial,,3,train,not_residential:commercial,False,False
mestech-b102-a-b,mestech,Office Space B102 A & B,"Commercial office space B102 A & B at Jackpot Building, Opposite Sefika Complex, Moshoeshoe Rd, Maseru Lesotho.. Size 7.80m x 6.70m (52.26 sqm). Rental price M14,600. Suitable for office or business use.","Thepa ena ya mofuta wa commercial e fumaneha Jackpot Building, Opposite Sefika Complex, Moshoeshoe Rd, Maseru Lesotho.. E na le sebaka sena mme e fumaneha ka theko ya M 14,600. Tlotla ena e tshwanetse ho shejwa bakeng sa bareki ba batlang menyetla ya nnete Lesotho.",14600,LSL,Maseru,"Jackpot Building, Opposite Sefika Complex, Moshoeshoe Rd, Maseru Lesotho.",Commercial,0,0,"[""C:\\Users\\lepha\\Documents\\Codex\\Real Estate System\\generated\\images\\live\\mestech\\mestech-b102-a-b\\image_1.png""]",https://www.mestech.co.ls/properties/,Good,Contemporary,Suburban,"[""water connection"", ""electricity"", ""office-ready"", ""security""]",rent,1,Lesotho,Maseru,text_match,Jackpot Building,commercial,,,test,not_residential:commercial,False,False
mestech-b103,mestech,Office Space B103,"Commercial office space B103 at Jackpot Building, Opposite Sefika Complex, Moshoeshoe Rd, Maseru Lesotho.. Size 6.75m x 4.0m (27 sqm). Rental price M7,600. Suitable for office or business use.","Thepa ena ya mofuta wa commercial e fumaneha Jackpot Building, Opposite Sefika Complex, Moshoeshoe Rd, Maseru Lesotho.. E na le sebaka sena mme e fumaneha ka theko ya M 7,600. Tlotla ena e tshwanetse ho shejwa bakeng sa bareki ba batlang menyetla ya nnete Lesotho.",7600,LSL,Maseru,"Jackpot Building, Opposite Sefika Complex, Moshoeshoe Rd, Maseru Lesotho.",Commercial,0,0,"[""C:\\Users\\lepha\\Documents\\Codex\\Real Estate System\\generated\\images\\live\\mestech\\mestech-b103\\image_1.png""]",https://www.mestech.co.ls/properties/,Good,Contemporary,Suburban,"[""water connection"", ""electricity"", ""office-ready"", ""security""]",rent,1,Lesotho,Maseru,text_match,Jackpot Building,commercial,,,test,not_residential:commercial,False,False
mestech-b104,mestech,Office Space B104,"Commercial office space B104 at Jackpot Building, Opposite Sefika Complex, Moshoeshoe Rd, Maseru Lesotho.. Size 4.9m x 3.65m (17.85 sqm). Rental price M5,000. Suitable for office or business use.","Thepa ena ya mofuta wa commercial e fumaneha Jackpot Building, Opposite Sefika Complex, Moshoeshoe Rd, Maseru Lesotho.. E na le sebaka sena mme e fumaneha ka theko ya M 5,000. Tlotla ena e tshwanetse ho shejwa bakeng sa bareki ba batlang menyetla ya nnete Lesotho.",5000,LSL,Maseru,"Jackpot Building, Opposite Sefika Complex, Moshoeshoe Rd, Maseru Lesotho.",Commercial,0,0,"[""C:\\Users\\lepha\\Documents\\Codex\\Real Estate System\\generated\\images\\live\\mestech\\mestech-b104\\image_1.png""]",https://www.mestech.co.ls/properties/,Good,Contemporary,Suburban,"[""water connection"", ""electricity"", ""office-ready"", ""security""]",rent,1,Lesotho,Maseru,text_match,Jackpot Building,commercial,,,test,not_residential:commercial,False,False
mestech-b106,mestech,Office Space B106,"Commercial office space B106 at Jackpot Building, Opposite Sefika Complex, Moshoeshoe Rd, Maseru Lesotho.. Size 4.90m x 4.60m (3200 sqm). Rental price M6,300. Suitable for office or business use.","Thepa ena ya mofuta wa commercial e fumaneha Jackpot Building, Opposite Sefika Complex, Moshoeshoe Rd, Maseru Lesotho.. E na le sebaka sena mme e fumaneha ka theko ya M 6,300. Tlotla ena e tshwanetse ho shejwa bakeng sa bareki ba batlang menyetla ya nnete Lesotho.",6300,LSL,Maseru,"Jackpot Building, Opposite Sefika Complex, Moshoeshoe Rd, Maseru Lesotho.",Commercial,0,0,"[""C:\\Users\\lepha\\Documents\\Codex\\Real Estate System\\generated\\images\\live\\mestech\\mestech-b106\\image_1.png""]",https://www.mestech.co.ls/properties/,Good,Contemporary,Suburban,"[""water connection"", ""electricity"", ""office-ready"", ""security""]",rent,1,Lesotho,Maseru,text_match,Jackpot Building,commercial,,,train,not_residential:commercial,False,False
mestech-b107,mestech,Office Space B107,"Commercial office space B107 at Jackpot Building, Opposite Sefika Complex, Moshoeshoe Rd, Maseru Lesotho.. Size 4.90m x 3.0m (2300 sqm). Rental price M4,100. Suitable for office or business use.","Thepa ena ya mofuta wa commercial e fumaneha Jackpot Building, Opposite Sefika Complex, Moshoeshoe Rd, Maseru Lesotho.. E na le sebaka sena mme e fumaneha ka theko ya M 4,100. Tlotla ena e tshwanetse ho shejwa bakeng sa bareki ba batlang menyetla ya nnete Lesotho.",4100,LSL,Maseru,"Jackpot Building, Opposite Sefika Complex, Moshoeshoe Rd, Maseru Lesotho.",Commercial,0,0,"[""C:\\Users\\lepha\\Documents\\Codex\\Real Estate System\\generated\\images\\live\\mestech\\mestech-b107\\image_1.png""]",https://www.mestech.co.ls/properties/,Good,Contemporary,Suburban,"[""water connection"", ""electricity"", ""office-ready"", ""security""]",rent,1,Lesotho,Maseru,text_match,Jackpot Building,commercial,,,train,not_residential:commercial,False,False
mestech-b108,mestech,Office Space B108,"Commercial office space B108 at Jackpot Building, Opposite Sefika Complex, Moshoeshoe Rd, Maseru Lesotho.. Size 4.40m x 4.0m (2500 sqm). Rental price M4,900. Suitable for office or business use.","Thepa ena ya mofuta wa commercial e fumaneha Jackpot Building, Opposite Sefika Complex, Moshoeshoe Rd, Maseru Lesotho.. E na le sebaka sena mme e fumaneha ka theko ya M 4,900. Tlotla ena e tshwanetse ho shejwa bakeng sa bareki ba batlang menyetla ya nnete Lesotho.",4900,LSL,Maseru,"Jackpot Building, Opposite Sefika Complex, Moshoeshoe Rd, Maseru Lesotho.",Commercial,0,0,"[""C:\\Users\\lepha\\Documents\\Codex\\Real Estate System\\generated\\images\\live\\mestech\\mestech-b108\\image_1.png""]",https://www.mestech.co.ls/properties/,Good,Contemporary,Suburban,"[""water connection"", ""electricity"", ""office-ready"", ""security""]",rent,1,Lesotho,Maseru,text_match,Jackpot Building,commercial,,,train,not_residential:commercial,False,False
moso-office-residential-double-storey-house-thetsane-west-44,mosoholdings,Office/Residential Double Storey House,"Office/Residential Double Storey House M15,000/mo Thetsane West Residential Bedrooms: 3 / Baths: 1 / Nightly Armed Security https://www.facebook.com/MOSSHOLDINGS/posts/pfbid0iB5qzpQiNEtDUMZarHLnB4Kui9TyfGNyWg3yCTUReiMWjVmAdYbrGbwodg7jfu1il","Thepa ena ya mofuta wa house e fumaneha Thetsane West. E na le dikamore tse 3 le dibate tse 1 mme e fumaneha ka theko ya M 15,000. Tlotla ena e tshwanetse ho shejwa bakeng sa bareki ba batlang menyetla ya nnete Lesotho.",15000,LSL,Thetsane West,Thetsane West,House,3,1,"[""C:\\Users\\lepha\\Documents\\Codex\\Real Estate System\\generated\\images\\live\\mosoholdings\\moso-office-residential-double-storey-house-thetsane-west-44\\image_1.jpg""]",https://www.facebook.com/MOSSHOLDINGS/posts/pfbid0iB5qzpQiNEtDUMZarHLnB4Kui9TyfGNyWg3yCTUReiMWjVmAdYbrGbwodg7jfu1il,Good,Contemporary,Suburban,"[""security""]",rent,1,Lesotho,Maseru,locality_match,Thetsane West,commercial,,3,val,not_residential:commercial,False,False
moso-office-residential-house-maseru-east-47,mosoholdings,Office/Residential House,"Office/Residential House M15,000/mo Maseru East Residential Bedrooms: 3 / Baths: 1 / Double garage","Thepa ena ya mofuta wa house e fumaneha Maseru East. E na le dikamore tse 3 le dibate tse 1 mme e fumaneha ka theko ya M 15,000. Tlotla ena e tshwanetse ho shejwa bakeng sa bareki ba batlang menyetla ya nnete Lesotho.",15000,LSL,Maseru,Maseru East,House,3,1,"[""C:\\Users\\lepha\\Documents\\Codex\\Real Estate System\\generated\\images\\live\\mosoholdings\\moso-office-residential-house-maseru-east-47\\image_1.jpg""]",https://www.facebook.com/MOSSHOLDINGS/posts/pfbid02N6vMFDLaW8DdjyqocRkEf3UiLocwdsjMdNbVavMSciTF9DNVAJQGTjg7yuaZjeool,Good,Contemporary,Suburban,"[""garage""]",rent,1,Lesotho,Maseru,text_match,Maseru East,commercial,,3,train,not_residential:commercial,False,False
moso-4-x-office-space-maseru-west-67,mosoholdings,4 x Office Space,"4 x Office Space M3,000 - M6,000/mo Maseru West Commercial Offices: 4 / 24/7 Security / Cleaning service twice weekly","Thepa ena ya mofuta wa commercial e fumaneha Maseru West. E na le sebaka sena mme e fumaneha ka theko ya M 3,000. Tlotla ena e tshwanetse ho shejwa bakeng sa bareki ba batlang menyetla ya nnete Lesotho.",3000,LSL,Maseru,Maseru West,Commercial,0,0,"[""C:\\Users\\lepha\\Documents\\Codex\\Real Estate System\\generated\\images\\live\\mosoholdings\\moso-4-x-office-space-maseru-west-67\\image_1.jpg""]",https://mosoholdings.co.ls/listings-search/,Good,Contemporary,Suburban,"[""office-ready"", ""security""]",rent,1,Lesotho,Maseru,text_match,Maseru West,commercial,,,train,not_residential:commercial,False,False
moso-newly-built-offices-stadium-area-68,mosoholdings,Newly Built Offices,Newly Built Offices POA Stadium Area Commercial Lifts: 2 / Parking: Basement / Sq Ft: 23-46,Thepa ena ya mofuta wa commercial e fumaneha Stadium Area. E na le sebaka sena mme e fumaneha ka theko e sa hlaloswang. Tlotla ena e tshwanetse ho shejwa bakeng sa bareki ba batlang menyetla ya nnete Lesotho.,120000,LSL,Stadium Area,Stadium Area,Commercial,0,0,"[""C:\\Users\\lepha\\Documents\\Codex\\Real Estate System\\generated\\images\\live\\mosoholdings\\moso-newly-built-offices-stadium-area-68\\image_1.jpg""]",https://mosoholdings.co.ls/listings-search/,New,Contemporary,Suburban,"[""parking""]",sale,1,Lesotho,Maseru,locality_match,Stadium Area,commercial,,,train,not_residential:commercial,False,False
