property_id,source,title,district,location_text,property_type,bedrooms,bathrooms,price,image_count,issues,listing_url
creative-duplex-for-office-space-only,creativeproperties,Duplex for Office Space Only!,Mpilo,Mpilo,Townhouse,2,1,8000,5,district_needs_normalization,https://creativeproperties.co.ls/properties/duplex-for-office-space-only/
propmarket-lCYntDzFvj7rDtdWMxuwa,propmarket,"4 Bedrooms, House",Mantsopa Local Municipality,"Ladybrand, Mantsopa Local Municipality",House,4,1,3500000,3,district_needs_normalization,https://www.propmarket.co.ls/properties/lCYntDzFvj7rDtdWMxuwa
propmarket-Hq04C66rubfEhhoXnqFtj,propmarket,"7 Bedrooms, House",Mantsopa Local Municipality,"Ladybrand, Mantsopa Local Municipality",House,7,4,3500000,4,district_needs_normalization,https://www.propmarket.co.ls/properties/Hq04C66rubfEhhoXnqFtj
propmarket-CjMDJxYj7gYwhhmzGJLQZ,propmarket,"3 Bedrooms, Commercial",Mantsopa Local Municipality,"Ladybrand, Mantsopa Local Municipality",Apartment,3,1,1600000,4,district_needs_normalization,https://www.propmarket.co.ls/properties/CjMDJxYj7gYwhhmzGJLQZ
propmarket-ULpaoTct4UkIKVByFe5-m,propmarket,"3 Bedrooms, House",Mbizo,"Masowe Street, Mbizo",House,3,3,2500000,5,district_needs_normalization,https://www.propmarket.co.ls/properties/ULpaoTct4UkIKVByFe5-m
propmarket-edfhLQc1l43TE6yfto4ak,propmarket,Guest House,Maseru,"Masowe 1b Secondary School, Maseru",House,2,1,660,4,price_suspiciously_low,https://www.propmarket.co.ls/properties/edfhLQc1l43TE6yfto4ak
propmarket-YXVKHMOFsUcM8ViZ0MQVa,propmarket,Site,Lesotho,"Butha Buthe District, Lesotho",Site,0,0,28000,5,district_needs_normalization,https://www.propmarket.co.ls/properties/YXVKHMOFsUcM8ViZ0MQVa
propmarket-FNCZZ2TyT7trV3bklxrX_,propmarket,Guest House,Maseru,"Katlehong, Maseru",Apartment,2,1,750,4,price_suspiciously_low,https://www.propmarket.co.ls/properties/FNCZZ2TyT7trV3bklxrX_
propmarket-Jt0Cc35_yXnppB3KQQRT4,propmarket,Guest House,Maseru,"Khubetsoana, Maseru",House,0,0,500,4,price_suspiciously_low,https://www.propmarket.co.ls/properties/Jt0Cc35_yXnppB3KQQRT4
propmarket-1m6yiIhqoyyiUv9yQaiJO,propmarket,"21 Bedrooms, Guest House",Reserve (Butha Buthe),"Likileng(paballong), Reserve (butha Buthe)",House,21,11,5000000,4,district_needs_normalization|bedroom_outlier,https://www.propmarket.co.ls/properties/1m6yiIhqoyyiUv9yQaiJO
propmarket-GhWFPgYytJEJAsrpaxrR9,propmarket,Site,Butha Buthe,"Lipelaneng, Butha Buthe",Site,0,0,35000,2,district_needs_normalization,https://www.propmarket.co.ls/properties/GhWFPgYytJEJAsrpaxrR9
propmarket-OwHW5vnV2magFGDtlpYHa,propmarket,"12 Bedrooms, Guest House",Berea,"Ha Foso, Berea",House,12,1,1600000,5,bedroom_outlier,https://www.propmarket.co.ls/properties/OwHW5vnV2magFGDtlpYHa
propmarket-0wVaAjYyMb9zvZ21h07Nv,propmarket,"6 Units, Malaene",Maseru,"Semphetenyane, Maseru",House,2,1,700,1,price_suspiciously_low,https://www.propmarket.co.ls/properties/0wVaAjYyMb9zvZ21h07Nv
propmarket-P3O_3OB5htpSPSp-KYln4,propmarket,Site,Makola,Makola,Site,0,0,170000,4,district_needs_normalization,https://www.propmarket.co.ls/properties/P3O_3OB5htpSPSp-KYln4
propmarket-YRm5xyU8UJ0lw8vKz3LSx,propmarket,Site,Sehlabeng Ha Thuntsane,Sehlabeng Ha Thuntsane,Site,0,0,60000,3,district_needs_normalization,https://www.propmarket.co.ls/properties/YRm5xyU8UJ0lw8vKz3LSx
propmarket-YC3XPozCJANd8OtWIG21M,propmarket,"3 Bedrooms, House",Masowe 2,Masowe 2,House,3,3,20000,4,district_needs_normalization,https://www.propmarket.co.ls/properties/YC3XPozCJANd8OtWIG21M
propmarket-T54rOIcncaagQdinoCkYX,propmarket,"1 Unit, 3 Bedrooms, House",000.00,"1 Unit, 3 Bedrooms, House for M2,500,000.00",House,3,2,2500000,5,district_needs_normalization|location_numeric_noise,https://www.propmarket.co.ls/properties/T54rOIcncaagQdinoCkYX
propmarket-Nvyl2umKTbWZ79Ii9X9aS,propmarket,Site,Masowe 2,Masowe 2,Site,0,0,350000,4,district_needs_normalization,https://www.propmarket.co.ls/properties/Nvyl2umKTbWZ79Ii9X9aS
propmarket-57zMtyM1KMY0dAsB2Jhsg,propmarket,House,T.Y Ha-Motjoka,T.Y Ha-Motjoka,House,2,1,450000,4,district_needs_normalization,https://www.propmarket.co.ls/properties/57zMtyM1KMY0dAsB2Jhsg
propmarket-COK7x2IaR44RtYWMzf3u_,propmarket,"1 Unit, 3 Bedrooms, House",000.00,"1 Unit, 3 Bedrooms, House for M1,400,000.00",House,3,2,1400000,5,district_needs_normalization|location_numeric_noise,https://www.propmarket.co.ls/properties/COK7x2IaR44RtYWMzf3u_
propmarket-Gq-9WYcxJ3PIjK6uBNKd-,propmarket,"1 Unit, 3 Bedrooms, House",Setsoto Local Municipality,"Ficksburg, Setsoto Local Municipality",House,3,2,950000,5,district_needs_normalization,https://www.propmarket.co.ls/properties/Gq-9WYcxJ3PIjK6uBNKd-
sotholand-89fded66c98b,sotholand,Ground Floor,Size 566 Square Meters Ground Floor,serene Ha Pena-Pena neighborhood,House,3,1,1300000,4,district_needs_normalization,https://sotholandproperties.co.ls/property-details?id=89fded66c98b
sotholand-1aa9314b69,sotholand,Batchelor,1 Bedroom. Batchelor,Arrival Center,House,1,1,7000,3,district_needs_normalization,https://sotholandproperties.co.ls/property-details?id=1aa9314b69
sotholand-5bee4c67a368,sotholand,Ground Floor,Staff Quarters. Ground Floor,Lower Thetsane,House,4,2,3000000,3,district_needs_normalization,https://sotholandproperties.co.ls/property-details?id=5bee4c67a368
sotholand-12a1456f5e67,sotholand,Double storey house,Single Garage. Roughly Thousand Sqms Double Storey House,Lower Thetsane,House,3,3,1000000,4,district_needs_normalization,https://sotholandproperties.co.ls/property-details?id=12a1456f5e67
lhldc-thabaneng,lesothohousing,Thabaneng,Mafeteng,"Thabaneng, left of A1 road to Mafeteng town, Mafeteng State/county: Lesotho, Thabaneng, Mafeteng",Site,0,0,1,1,price_suspiciously_low,https://lesothohousing.org.ls/property/thabaneng/
lhldc-manobo,lesothohousing,Maseru North Bound (MANOBO),Maseru,"Berea Mokhethoaneng along Maseru main north 1 road, Berea, MASERU NORTH BOUND, Berea",Site,0,0,1,4,price_suspiciously_low,https://lesothohousing.org.ls/property/manobo/
lhldc-police-post-qs-nek,lesothohousing,Police Post (Q’s nek),Qacha'S Nek,"In town, near Qacha`s neck police headquarters, Qacha's Nek State/county: Lesotho, Police Post, Qacha's Nek",Site,0,0,2019,1,district_needs_normalization,https://lesothohousing.org.ls/property/police-post-qs-nek/
lhldc-thaba-tsoeu-qs-nek,lesothohousing,Thaba Tsoeu (Q’s Nek),Qacha'S Nek,"Thaba Ts’oeu next the army base, Qacha's Nek State/county: Lesotho, Thaba Tsoeu, Qacha's Nek",Site,0,0,2019,2,district_needs_normalization,https://lesothohousing.org.ls/property/thaba-tsoeu-qs-nek/
lhldc-ty-lehcorp-st-agnes,lesothohousing,TY LeHCorp (St. Agnes),Berea,"Main north 1 road, near ST Agnes High school, Berea State/county: Lesotho, TY LeHCorp, Berea",Site,0,0,1,1,price_suspiciously_low,https://lesothohousing.org.ls/property/ty-lehcorp-st-agnes/
lhldc-khubetsoana-lehcorp,lesothohousing,Khubetsoana LeHCorp,Maseru,"Main north 1 road to Teyateyaneng, Maseru State/county: Lesotho, khubetsoana: LEHCORP, Maseru",Site,0,0,1,1,price_suspiciously_low,https://lesothohousing.org.ls/property/khubetsoana-lehcorp/
lhldc-ntjabane-project,lesothohousing,Ntjabane project,Berea,"Along main north 1 road to Kolonyama, Berea, Ntjabane, Berea",Site,0,0,1,1,price_suspiciously_low,https://lesothohousing.org.ls/property/ntjabane-project/
lhldc-matala,lesothohousing,Matala,Maseru,"Maseru East Along Main South Road, Maseru State/county: Lesotho, Matala, Maseru",Site,0,0,1,2,price_suspiciously_low,https://lesothohousing.org.ls/property/matala/
lhldc-ntjabane-project-2,lesothohousing,Ntjabane project,Maseru,"Along main north 1 road to Kolonyama, Maseru State/county: Lesotho, Ntjabane, Maseru",Site,0,0,1,1,price_suspiciously_low,https://lesothohousing.org.ls/property/ntjabane-project-2/
moso-compounded-apartments-hillsview-1,mosoholdings,Compounded Apartments,Hillsview,Hillsview,Apartment,2,1,5800,1,district_needs_normalization,https://www.facebook.com/MOSSHOLDINGS/posts/pfbid0HdYh7s6uDbtQ5CKfpn4J3De6fEc1SbNdQSdfoxZ4tj99bTeSPQDFaRgMxaohj7iUl
moso-duplex-upper-thamae-3,mosoholdings,Duplex,Upper Thamae,Upper Thamae,Townhouse,2,1,2700,1,district_needs_normalization,https://www.facebook.com/MOSSHOLDINGS/posts/pfbid02v3EUzfQ2aQJQJa78z4HsdSgbj6L4gyjvLYtxWxrUfbF99irtEfBEXXLULhT8ZTYHl
moso-bachelor-pad-lesia-thetsane-4,mosoholdings,Bachelor Pad,Thetsane,"Lesia, Thetsane",Apartment,1,1,2500,1,district_needs_normalization,https://www.facebook.com/MOSSHOLDINGS/posts/pfbid0HdYh7s6uDbtQ5CKfpn4J3De6fEc1SbNdQSdfoxZ4tj99bTeSPQDFaRgMxaohj7iUl
moso-duplex-moshoeshoe-2-5,mosoholdings,Duplex,Moshoeshoe 2,Moshoeshoe 2,Townhouse,2,1,5500,1,district_needs_normalization,https://www.facebook.com/MOSSHOLDINGS/posts/pfbid04RDhyk8Lr32LoNTqUTJ31pQfexHYQ7zkpwq7aqySwmPw9kxH3D5bXKuusfxJimibl
moso-fitted-duplex-moshoeshoe-2-6,mosoholdings,Fitted Duplex,Moshoeshoe 2,Moshoeshoe 2,Townhouse,2,1,3000,1,district_needs_normalization,https://mosoholdings.co.ls/listings-search/
moso-fitted-duplex-upper-thamae-7,mosoholdings,Fitted Duplex,Upper Thamae,Upper Thamae,Townhouse,2,1,4000,1,district_needs_normalization,https://www.facebook.com/MOSSHOLDINGS/posts/pfbid0GMinLruFdtFEq6AqJ7mncFSzjNmAcqNwUR1728wH1rvZAyZKLHn9auRKcvqvFzmHl
moso-bachelor-pad-leqele-8,mosoholdings,Bachelor Pad,Leqele,Leqele,Apartment,1,1,1800,1,district_needs_normalization,https://www.facebook.com/MOSSHOLDINGS/posts/pfbid035BmwDzG4krcAjpYj5HPg9HdFU2zTdLrNsBZWjBmocDZohb2JNWA5nBmKTXdjUDhzl
moso-double-storey-apartments-khubetsoana-9,mosoholdings,Double Storey Apartments,Khubetsoana,Khubetsoana,Apartment,6,4,30000,1,district_needs_normalization,https://www.facebook.com/MOSSHOLDINGS/posts/pfbid0uR5uKZqgt49xGyPZ7Bk7ymkxTJvYFHvHapoT8tsQHeoerp1eRLP1678t9Ai7bAQal
moso-compounded-apartments-high-court-10,mosoholdings,Compounded Apartments,High Court,High Court,Apartment,2,1,8000,1,district_needs_normalization,https://www.facebook.com/MOSSHOLDINGS/posts/pfbid02Fi3TExFwm2QDYRwWAZvWum3UFne53pKNtaNUGN9gSbVGE9XbAuJT1L2Vq7VF5qA4l
moso-bachelor-pad-moshoeshoe-2-11,mosoholdings,Bachelor Pad,Moshoeshoe 2,Moshoeshoe 2,Apartment,1,1,6000,1,district_needs_normalization,https://www.facebook.com/MOSSHOLDINGS/posts/pfbid02FDKougJTniU6NdP8eDB9cFE4WPfPtuooroXkznjWgHKg1dEsH7nY6PVVmQS5aQrnl
moso-bachelor-pad-lecoop-thetsane-12,mosoholdings,Bachelor Pad,Thetsane,"Lecoop, Thetsane",Apartment,1,1,4500,1,district_needs_normalization,https://www.facebook.com/MOSSHOLDINGS/posts/pfbid0tVF8AR7hMajEDvaw3xHohUSgYfTh25ekTAC4i1CPrjGv3puuhTnMRNHhYGXnxv6Ul
moso-double-storey-duplex-ha-thetsane-13,mosoholdings,Double Storey Duplex,Ha Thetsane,Ha Thetsane,Townhouse,2,1,7000,1,district_needs_normalization,https://www.facebook.com/MOSSHOLDINGS/posts/pfbid02h99HM9pjQTCCRFJ9R9ZtmuSx1udzF3537CvoaXydJ1bYutZiRcbqqZLB9HUfVPMil
moso-fitted-duplex-leqele-police-region-14,mosoholdings,Fitted Duplex,Leqele Police Region,Leqele Police Region,Townhouse,2,1,3000,1,district_needs_normalization,https://www.facebook.com/MOSSHOLDINGS/posts/pfbid02yoYYf2kcECjLnNQcQ19tmctmV8iy9byc3NEbz2ukhoVGEgrCnSfTZsPUG5c7kg2bl
moso-fitted-duplex-thetsane-15,mosoholdings,Fitted Duplex,Thetsane,Thetsane,Townhouse,2,1,4000,1,district_needs_normalization,https://www.facebook.com/MOSSHOLDINGS/posts/pfbid02Knowj6tEdAQLjWeacskUddq9kunVEcXDmtnxkwiQxeQ3RHeEu4fPy2d8Y9WsYAaul
moso-duplex-mabote-16,mosoholdings,Duplex,Mabote,Mabote,Townhouse,2,1,4050,1,district_needs_normalization,https://www.facebook.com/MOSSHOLDINGS/posts/pfbid07XcpPjHaND9GZHakUWrusrEVoezydN3E1vZR9SSXajT1rXKf8LaiLxYj2GFT1As7l
moso-fitted-duplex-sea-point-18,mosoholdings,Fitted Duplex,Sea Point,Sea Point,Townhouse,2,1,2600,1,district_needs_normalization,https://www.facebook.com/MOSSHOLDINGS/posts/pfbid023sCnoZ4s6MvHEQktMmobftxf8hcrRNMHM5eatgJJ2sm7X66SSGhGKMFPKKT9Lbw7l
moso-duplex-katlehong-21,mosoholdings,Duplex,Katlehong,Katlehong,Townhouse,2,1,7200,1,district_needs_normalization,https://www.facebook.com/MOSSHOLDINGS/posts/pfbid025A6rXJ7ReyY5WiA9drjyz7dbRhjsJ8NYHZAjxcZ5xgR8Nkzx1FejgwzkrnZtDoMil
moso-duplex-thetsane-lecoop-22,mosoholdings,Duplex,Thetsane Lecoop,Thetsane Lecoop,Townhouse,2,1,3900,1,district_needs_normalization,https://www.facebook.com/MOSSHOLDINGS/posts/pfbid02R1irCRnsKCiCoTSvLKNkHnANWcqRTP9Q1mhWXTC4fciemQf6VL9Tis1gqgParnTkl
moso-duplex-ha-tsolo-halekhowa-23,mosoholdings,Duplex,Halekhowa,"Ha Tsolo, Halekhowa",Townhouse,2,1,6000,1,district_needs_normalization,https://www.facebook.com/MOSSHOLDINGS/posts/pfbid0LPydtpSvq2bLa9ugNDUwQkZFMqtzs6U22tKm1ufZ8H2YPVtTiYoaorwcn8c7uTvKl
moso-duplex-sea-point-24,mosoholdings,Duplex,Sea Point,Sea Point,Townhouse,2,1,2500,1,district_needs_normalization,https://www.facebook.com/MOSSHOLDINGS/posts/pfbid0yYyyuxGMuB3KfMJgJnb35ivm4tFARikr53Gm7L5mxtrR7iFZ7mCtdBiRpEaYmD5Ql
moso-stand-alone-house-high-court-25,mosoholdings,Stand Alone House,High Court,High Court,House,2,2,10000,1,district_needs_normalization,https://www.facebook.com/MOSSHOLDINGS/posts/pfbid0TTBqGDSTRv55X4KW6kWxmLDQgja5kWFPrQ37WVWwSqMGE8x8GiU6vv2ybz99zJPxl
moso-compounded-house-section-8-villamore-house-4-and-14-27,mosoholdings,Compounded House,Section 8 Villamore House #4 And #14,Section 8 Villamore House #4 and #14,House,2,1,750000,1,district_needs_normalization,https://www.facebook.com/MOSSHOLDINGS/posts/pfbid02aUydBkikXqB4CeKoNAmuG4AK8tFWarVauEGybEmtBTV6JRjxuQPjqUkB4DALgbjrl
moso-stand-alone-house-fairview-lower-thetsane-29,mosoholdings,Stand Alone House,Lower Thetsane,"Fairview, Lower Thetsane",House,2,1,9000,1,district_needs_normalization,https://www.facebook.com/MOSSHOLDINGS/posts/pfbid02DqNwMJJC2iMtrGSg1PaoojrPPxT6t29ej8DosowzN9qfB2qEc9va8BM3dNNT2cVNl
moso-stand-alone-house-thetsane-west-30,mosoholdings,Stand Alone House,Thetsane West,Thetsane West,House,4,3,30000,1,district_needs_normalization,https://www.facebook.com/MOSSHOLDINGS/posts/pfbid02aUydBkikXqB4CeKoNAmuG4AK8tFWarVauEGybEmtBTV6JRjxuQPjqUkB4DALgbjrl
moso-double-storey-stand-alone-house-katlehong-31,mosoholdings,Double Storey Stand Alone House,Katlehong,Katlehong,House,3,2,30000,1,district_needs_normalization,https://www.facebook.com/MOSSHOLDINGS/posts/pfbid0CuyXkwrMp2gKJ47eH6VwgzLowy8zx6XrojhH3ufnWtJiXEoNweV3Pi2QWKpYjcaXl
moso-stand-alone-house-thetsane-west-32,mosoholdings,Stand Alone House,Thetsane West,Thetsane West,House,2,1,13000,1,district_needs_normalization,https://www.facebook.com/MOSSHOLDINGS/posts/pfbid0ipfmfMhdsX47pRuVX2skGMJzKqn8a5pzEf8rs9ibpjPZzNJe3HbZ7Xied2Tyq1P6l
moso-stand-alone-house-masowe-3-33,mosoholdings,Stand Alone House,Masowe 3,Masowe 3,House,2,1,6000,1,district_needs_normalization,https://www.facebook.com/MOSSHOLDINGS/posts/pfbid02wkiuJ4KcUvbRCF2jQ1pSg2ryVN2X7t1K2dFKc4ZQpAEb3cetFXx7UFnREeoUKVdzl
moso-stand-alone-house-thetsane-west-34,mosoholdings,Stand Alone House,Thetsane West,Thetsane West,House,2,2,10000,1,district_needs_normalization,https://www.facebook.com/MOSSHOLDINGS/posts/pfbid02r6sg7ecBX1AAhNXMMNRSSyYUF8miC8oGiTD9spDYgfMv4MRjPiFsp4dJi9Rc9r27l
moso-double-storey-stand-alone-house-thetsane-west-35,mosoholdings,Double Storey Stand Alone House,Thetsane West,Thetsane West,House,3,2,20000,1,district_needs_normalization,https://www.facebook.com/MOSSHOLDINGS/posts/pfbid0ipfmfMhdsX47pRuVX2skGMJzKqn8a5pzEf8rs9ibpjPZzNJe3HbZ7Xied2Tyq1P6l
moso-compunded-house-lower-thetsane-37,mosoholdings,Compunded House,Lower Thetsane,Lower Thetsane,House,2,2,20000,1,district_needs_normalization,https://www.facebook.com/MOSSHOLDINGS/posts/pfbid0iJRE4THAZ4Mbjb6fSiTKYDNWijYmLda9L2nYhsCm48NN4Np1GVXFsd1taQkrQRRul
moso-double-storey-stand-alone-house-masowe-3-38,mosoholdings,Double Storey Stand Alone House,Masowe 3,Masowe 3,House,3,2,15000,1,district_needs_normalization,https://www.facebook.com/MOSSHOLDINGS/posts/pfbid0nZn8gG7bUP7VPWqEE8dQxvXmxaBPgybnhKsjD1MiSEiwyPTeLrM97HEganXSRjSUl
moso-double-storey-house-masowe-4-39,mosoholdings,Double Storey House,Masowe 4,Masowe 4,House,3,2,20000,1,district_needs_normalization,https://www.facebook.com/MOSSHOLDINGS/posts/pfbid0yXpS8bh2J67HxazhFTXvk1nsfA4kDy4gdNE8LHdAKdj6VtdfKEpRrnFLkhBbCgCCl
moso-double-storey-stand-alone-house-masowe-4-41,mosoholdings,Double Storey Stand Alone House,Masowe 4,Masowe 4,House,3,3,30000,1,district_needs_normalization,https://www.facebook.com/MOSSHOLDINGS/posts/pfbid0kY3uT29eXiin7JUcFAcT3mk7EKRKo3cVzVEWC4J1nE8aYv6d3v2QNFVaVKJRdxkUl
moso-stand-alone-house-thetsane-lecoop-43,mosoholdings,Stand Alone House,Lecoop,"Thetsane, Lecoop",House,3,2,6500,1,district_needs_normalization,https://www.facebook.com/MOSSHOLDINGS/posts/pfbid02H9hgpDvZ5fjaKk2oh2U4zZ7aXVxB7n5LvFYW37Jq3nAp4ehdLnyAvZN7vLfKysstl
moso-office-residential-double-storey-house-thetsane-west-44,mosoholdings,Office/Residential Double Storey House,Thetsane West,Thetsane West,House,3,1,15000,1,district_needs_normalization,https://www.facebook.com/MOSSHOLDINGS/posts/pfbid0iB5qzpQiNEtDUMZarHLnB4Kui9TyfGNyWg3yCTUReiMWjVmAdYbrGbwodg7jfu1il
moso-stand-alone-house-mpilo-estates-45,mosoholdings,Stand Alone House,Mpilo Estates,Mpilo Estates,House,3,2,17000,1,district_needs_normalization,https://www.facebook.com/MOSSHOLDINGS/posts/pfbid03pdhZWusqW6sfLMj1xL4f5MVo8uZPy4v5fdWWHTNjjQCpYWXHrsPGPmtrfzJGeDnl
moso-stand-alone-house-mohalalitoe-46,mosoholdings,Stand Alone House,Mohalalitoe,Mohalalitoe,House,3,2,20000,1,district_needs_normalization,https://www.facebook.com/MOSSHOLDINGS/posts/pfbid0nWV9DMouULixZKTZ8YHjcFKMBgig8hi5cMeWJVv4mjA47oc2K7WnJkVLuhJ4ZpzQl
moso-stand-alone-house-tsosane-48,mosoholdings,Stand Alone House,Tsosane,Tsosane,House,3,1,1200000,1,district_needs_normalization,https://www.facebook.com/MOSSHOLDINGS/posts/pfbid024gi8tUjj6RVGZZ3GWLAHbSZx67pyfzGoe9BvaMa9JbRZCQA4UGtwJjwatULxtQjbl
moso-double-storey-house-katlehong-49,mosoholdings,Double Storey House,Katlehong,Katlehong,House,3,2,30000,1,district_needs_normalization,https://www.facebook.com/MOSSHOLDINGS/posts/pfbid02fZAw3gg3a8RJ15EBe5uTYGmNsVj7UyUEXGqiLXdbZz5kPFwX9UgFgyqoEbHRLV92l
moso-stand-alone-house-ha-hoohlo-50,mosoholdings,Stand Alone House,Ha Hoohlo,Ha Hoohlo,House,2,1,7500,1,district_needs_normalization,https://www.facebook.com/MOSSHOLDINGS/posts/pfbid0RBa9ZwgUkvAwkeYXPZiRTTBEYRP54zQu3HSjAKfZRjbtaZJFJ897boJzcGMbaaYhl
moso-city-center-house-thetsane-west-51,mosoholdings,City Center House,Thetsane West,Thetsane West,House,3,4,15000,1,district_needs_normalization,https://mosoholdings.co.ls/listings-search/
moso-double-storey-house-lower-thetsane-52,mosoholdings,Double Storey House,Lower Thetsane,Lower Thetsane,House,5,2,38000,1,district_needs_normalization,https://www.facebook.com/MOSSHOLDINGS/posts/pfbid02GcKMJgmcAMDvULmrCwW2S3cwm5bpXB6m8p2mfCf6GSXNNuyYwfjzguxyFndDnXM9l
moso-triple-storey-house-katlehong-53,mosoholdings,Triple Storey House,Katlehong,Katlehong,House,4,4,35000,1,district_needs_normalization,https://www.facebook.com/MOSSHOLDINGS/posts/pfbid02M3BP6bYdXVvWyfUFnnWBGuHnU4v1M9afVqabsG9VdyNrtpVtx39ofQDYewf73hv5l
moso-city-center-house-thetsane-west-54,mosoholdings,City Center House,Thetsane West,Thetsane West,House,3,3,16000,1,district_needs_normalization,https://www.facebook.com/MOSSHOLDINGS/posts/pfbid0jNQsCDxmacSLGnLzy71zGPS4qExRT5PBj4tdD8vCMoX238ZS7fubudwdPoBWYYRml
moso-double-storey-house-thetsane-west-55,mosoholdings,Double Storey House,Thetsane West,Thetsane West,House,5,3,30000,1,district_needs_normalization,https://www.facebook.com/MOSSHOLDINGS/posts/pfbid02oxLaHjUva25VtkvCQEyb4HfBhiSReMJr8XeDP5oqFRnzgKuBpFgdxRvKyZTjaYzgl
moso-stand-alone-house-katlehong-56,mosoholdings,Stand Alone House,Katlehong,Katlehong,House,3,3,15000,1,district_needs_normalization,https://www.facebook.com/MOSSHOLDINGS/posts/pfbid02pqmybBxmq5NNVQdXNFSxSGm2irVdQ3Q71j3RYKp7aihzw93k7ibPKRvgBJcSmgcKl
moso-double-storey-house-masowe-2-57,mosoholdings,Double Storey House,Masowe 2,Masowe 2,House,3,3,12500,1,district_needs_normalization,https://www.facebook.com/MOSSHOLDINGS/posts/pfbid0exXsHNcpQp4obUHJSJUAhS7eQyg7p84jnkJBAPgZHXMdwPBUdZny7v7M9Ai4JX2pl
moso-stand-alone-house-thetsane-lesia-58,mosoholdings,Stand Alone House,Thetsane Lesia,Thetsane Lesia,House,4,2,12000,1,district_needs_normalization,https://www.facebook.com/MOSSHOLDINGS/posts/pfbid028MU81LGFYjNLU36w4LpwDzXf5WeuhN7x8wdAbKYQ8rhTVXzAbvwhQYCCiTHur2YVl
moso-stand-alone-house-katlehong-59,mosoholdings,Stand Alone House,Katlehong,Katlehong,House,3,2,12000,1,district_needs_normalization,https://www.facebook.com/MOSSHOLDINGS/posts/pfbid035bKzUtZCgFJTKzjZmGTptkQxj4bui9M1DP47xgHt3KSpupf2e6jd6HFMpmPJaALvl
moso-compounded-house-thetsane-lecoop-60,mosoholdings,Compounded House,Thetsane Lecoop,Thetsane Lecoop,House,2,2,6500,1,district_needs_normalization,https://www.facebook.com/MOSSHOLDINGS/posts/pfbid02uXvmYEm9L4pTnHCexaEzbGCdJsrX1Yaysmt4uUkYJ3kmyBCwSWLkxywcYLDTuEwwl
moso-stand-alone-house-katlehong-61,mosoholdings,Stand Alone House,Katlehong,Katlehong,House,3,3,20000,1,district_needs_normalization,https://www.facebook.com/MOSSHOLDINGS/posts/pfbid021K6RQDJY5zHq3p92Y5hiLN6EmCdzuM9We3FXdaFkXioBYaRDyPdgVoYsEnrWDSeHl
moso-stand-alone-house-katlehong-race-course-62,mosoholdings,Stand Alone House,Race Course,"Katlehong, Race Course",House,4,2,16000,1,district_needs_normalization,https://www.facebook.com/MOSSHOLDINGS/posts/pfbid035bKzUtZCgFJTKzjZmGTptkQxj4bui9M1DP47xgHt3KSpupf2e6jd6HFMpmPJaALvl
moso-compounded-house-thetsane-lecoop-63,mosoholdings,Compounded House,Thetsane Lecoop,Thetsane Lecoop,House,2,2,7000,1,district_needs_normalization,https://www.facebook.com/MOSSHOLDINGS/posts/pfbid0mS7ABanruwbSJ8Hy82UGZzecARQGZk4XRh1DTnWY9wXwEQ8ibs9n7KHkyUGGLcZCl
moso-1-600-m-sehlabeng-sa-thuathe-news-65,mosoholdings,"1,600 m²",Sehlabeng Sa Thuathe News,Sehlabeng sa Thuathe news,House,0,0,160000,1,district_needs_normalization,https://mosoholdings.co.ls/listings-search/
moso-700m-thetsane-east-66,mosoholdings,700m²,Thetsane East,Thetsane East,Site,0,0,230000,1,district_needs_normalization,https://mosoholdings.co.ls/listings-search/
moso-newly-built-offices-stadium-area-68,mosoholdings,Newly Built Offices,Stadium Area,Stadium Area,Commercial,0,0,120000,1,district_needs_normalization,https://mosoholdings.co.ls/listings-search/
